strategy,spec_name,tanimoto,predicted_active_bits,target_active_bits
global_threshold_0.187,MassSpecGymID0001903,0.1805555522441864,47,38
global_threshold_0.187,MassSpecGymID0018837,0.1428571492433548,48,48
global_threshold_0.187,MassSpecGymID0018840,0.13265305757522583,63,48
global_threshold_0.187,MassSpecGymID0027378,0.1962616890668869,63,65
global_threshold_0.187,MassSpecGymID0027960,0.15841583907604218,69,48
global_threshold_0.187,MassSpecGymID0058040,0.18292683362960815,40,57
global_threshold_0.187,MassSpecGymID0058077,0.13414634764194489,81,105
global_threshold_0.187,MassSpecGymID0058081,0.1975308656692505,89,105
global_threshold_0.187,MassSpecGymID0059173,0.13978494703769684,62,44
global_threshold_0.187,MassSpecGymID0061350,0.17045454680919647,46,57
global_threshold_0.187,MassSpecGymID0070209,0.19767442345619202,45,58
global_threshold_0.187,MassSpecGymID0076472,0.10989011079072952,44,57
global_threshold_0.187,MassSpecGymID0076664,0.1358024626970291,44,48
global_threshold_0.187,MassSpecGymID0076673,0.1358024626970291,44,48
global_threshold_0.187,MassSpecGymID0105096,0.1418439745903015,83,78
global_threshold_0.187,MassSpecGymID0134807,0.1860465109348297,74,79
global_threshold_0.187,MassSpecGymID0135253,0.12080536782741547,99,68
global_threshold_0.187,MassSpecGymID0135257,0.131386861205101,87,68
global_threshold_0.187,MassSpecGymID0136309,0.17266187071800232,86,77
global_threshold_0.187,MassSpecGymID0136365,0.1854838728904724,70,77
global_threshold_0.187,MassSpecGymID0146901,0.16339869797229767,91,87
global_threshold_0.187,MassSpecGymID0154352,0.1411764770746231,39,58
global_threshold_0.187,MassSpecGymID0154792,0.15238095819950104,60,61
global_threshold_0.187,MassSpecGymID0162178,0.1428571492433548,39,33
global_threshold_0.187,MassSpecGymID0162215,0.13513512909412384,51,33
global_threshold_0.187,MassSpecGymID0162310,0.1927710771560669,44,55
global_threshold_0.187,MassSpecGymID0162742,0.15217390656471252,54,52
global_threshold_0.187,MassSpecGymID0179016,0.14851485192775726,47,69
global_threshold_0.187,MassSpecGymID0182450,0.1944444477558136,73,56
global_threshold_0.187,MassSpecGymID0185118,0.13970588147640228,88,67
global_threshold_0.187,MassSpecGymID0186133,0.17204301059246063,56,53
global_threshold_0.187,MassSpecGymID0192057,0.15463916957378387,50,62
global_threshold_0.187,MassSpecGymID0196090,0.16393442451953888,37,34
global_threshold_0.187,MassSpecGymID0198021,0.15217390656471252,82,77
global_threshold_0.187,MassSpecGymID0203443,0.1899999976158142,62,57
global_threshold_0.187,MassSpecGymID0203612,0.18666666746139526,40,49
global_threshold_0.187,MassSpecGymID0204199,0.1875,47,48
global_threshold_0.187,MassSpecGymID0206523,0.1780821979045868,40,46
global_threshold_0.187,MassSpecGymID0206904,0.17391304671764374,50,58
global_threshold_0.187,MassSpecGymID0208829,0.1428571492433548,44,52
global_threshold_0.187,MassSpecGymID0209913,0.19672131538391113,34,39
global_threshold_0.187,MassSpecGymID0210193,0.1944444477558136,35,51
global_threshold_0.187,MassSpecGymID0211536,0.17142857611179352,68,55
global_threshold_0.187,MassSpecGymID0212722,0.15942029654979706,31,49
global_threshold_0.187,MassSpecGymID0213408,0.19718310236930847,35,50
global_threshold_0.187,MassSpecGymID0213789,0.1818181872367859,32,46
global_threshold_0.187,MassSpecGymID0214938,0.1846153885126114,30,47
global_threshold_0.187,MassSpecGymID0215323,0.190476194024086,30,45
global_threshold_0.187,MassSpecGymID0224184,0.1340206116437912,54,56
global_threshold_0.187,MassSpecGymID0224933,0.1875,66,67
global_threshold_0.187,MassSpecGymID0032389,0.20000000298023224,39,39
global_threshold_0.187,MassSpecGymID0035475,0.4383561611175537,47,58
global_threshold_0.187,MassSpecGymID0051208,0.4266666769981384,50,57
global_threshold_0.187,MassSpecGymID0051457,0.22077922523021698,37,57
global_threshold_0.187,MassSpecGymID0054352,0.22058823704719543,37,46
global_threshold_0.187,MassSpecGymID0055282,0.2063492089509964,38,38
global_threshold_0.187,MassSpecGymID0070653,0.3478260934352875,41,52
global_threshold_0.187,MassSpecGymID0076053,0.31111112236976624,30,29
global_threshold_0.187,MassSpecGymID0086672,0.2142857164144516,47,38
global_threshold_0.187,MassSpecGymID0126630,0.4653465449810028,78,70
global_threshold_0.187,MassSpecGymID0142449,0.2054794579744339,40,48
global_threshold_0.187,MassSpecGymID0154356,0.4588235318660736,66,58
global_threshold_0.187,MassSpecGymID0157809,0.4285714328289032,52,58
global_threshold_0.187,MassSpecGymID0168902,0.38749998807907104,45,66
global_threshold_0.187,MassSpecGymID0179539,0.4571428596973419,44,58
global_threshold_0.187,MassSpecGymID0180533,0.47826087474823,45,57
global_threshold_0.187,MassSpecGymID0182775,0.2602739632129669,39,53
global_threshold_0.187,MassSpecGymID0185614,0.34328359365463257,48,42
global_threshold_0.187,MassSpecGymID0194710,0.30075186491012573,90,83
global_threshold_0.187,MassSpecGymID0197823,0.2631579041481018,89,79
global_threshold_0.187,MassSpecGymID0197998,0.4390243887901306,57,61
global_threshold_0.187,MassSpecGymID0199840,0.25581395626068115,56,52
global_threshold_0.187,MassSpecGymID0202711,0.4691357910633087,53,66
global_threshold_0.187,MassSpecGymID0202787,0.23664122819900513,74,88
global_threshold_0.187,MassSpecGymID0205123,0.27397260069847107,40,53
global_threshold_0.187,MassSpecGymID0205275,0.3611111044883728,48,50
global_threshold_0.187,MassSpecGymID0207476,0.34285715222358704,45,49
global_threshold_0.187,MassSpecGymID0207974,0.32894736528396606,43,58
global_threshold_0.187,MassSpecGymID0208689,0.2933333218097687,48,49
global_threshold_0.187,MassSpecGymID0209540,0.2933333218097687,48,49
global_threshold_0.187,MassSpecGymID0209809,0.23880596458911896,34,49
global_threshold_0.187,MassSpecGymID0210092,0.26760563254356384,36,54
global_threshold_0.187,MassSpecGymID0210306,0.24242424964904785,31,51
global_threshold_0.187,MassSpecGymID0210496,0.21739129722118378,33,51
global_threshold_0.187,MassSpecGymID0210529,0.2716049253940582,47,56
global_threshold_0.187,MassSpecGymID0210816,0.3181818127632141,35,52
global_threshold_0.187,MassSpecGymID0211212,0.3709677457809448,38,47
global_threshold_0.187,MassSpecGymID0211596,0.23529411852359772,35,49
global_threshold_0.187,MassSpecGymID0212010,0.25925925374031067,43,59
global_threshold_0.187,MassSpecGymID0212443,0.3199999928474426,51,48
global_threshold_0.187,MassSpecGymID0212530,0.4303797483444214,54,59
global_threshold_0.187,MassSpecGymID0213416,0.4126984179019928,42,47
global_threshold_0.187,MassSpecGymID0214882,0.3103448152542114,53,61
global_threshold_0.187,MassSpecGymID0216198,0.48275861144065857,36,50
global_threshold_0.187,MassSpecGymID0219119,0.26829269528388977,54,50
global_threshold_0.187,MassSpecGymID0219478,0.31182795763015747,52,70
global_threshold_0.187,MassSpecGymID0221613,0.2083333283662796,23,35
global_threshold_0.187,MassSpecGymID0222136,0.25925925374031067,49,53
global_threshold_0.187,MassSpecGymID0222364,0.3913043439388275,45,51
global_threshold_0.187,MassSpecGymID0224157,0.38805970549583435,50,43
global_threshold_0.187,MassSpecGymID0014731,0.7636363506317139,50,47
global_threshold_0.187,MassSpecGymID0027372,0.6235294342041016,73,65
global_threshold_0.187,MassSpecGymID0028445,0.7763158082962036,75,60
global_threshold_0.187,MassSpecGymID0030204,0.760869562625885,37,44
global_threshold_0.187,MassSpecGymID0037597,0.6617646813392639,57,56
global_threshold_0.187,MassSpecGymID0040046,0.5054945349693298,62,75
global_threshold_0.187,MassSpecGymID0051503,0.7894737124443054,54,48
global_threshold_0.187,MassSpecGymID0052603,0.738095223903656,68,78
global_threshold_0.187,MassSpecGymID0053008,0.7580645084381104,57,52
global_threshold_0.187,MassSpecGymID0059647,0.7283950448036194,64,76
global_threshold_0.187,MassSpecGymID0064677,0.7543859481811523,57,43
global_threshold_0.187,MassSpecGymID0064693,0.7818182110786438,55,43
global_threshold_0.187,MassSpecGymID0064730,0.7962962985038757,54,43
global_threshold_0.187,MassSpecGymID0076538,0.5316455960273743,64,57
global_threshold_0.187,MassSpecGymID0077268,0.6198347210884094,114,82
global_threshold_0.187,MassSpecGymID0078748,0.7424242496490479,57,58
global_threshold_0.187,MassSpecGymID0078749,0.6911764740943909,57,58
global_threshold_0.187,MassSpecGymID0081356,0.7142857313156128,37,35
global_threshold_0.187,MassSpecGymID0089011,0.7368420958518982,70,62
global_threshold_0.187,MassSpecGymID0089970,0.6842105388641357,50,46
global_threshold_0.187,MassSpecGymID0110700,0.7227723002433777,98,76
global_threshold_0.187,MassSpecGymID0110709,0.6074766516685486,96,76
global_threshold_0.187,MassSpecGymID0114461,0.7333333492279053,78,78
global_threshold_0.187,MassSpecGymID0114470,0.7441860437393188,72,78
global_threshold_0.187,MassSpecGymID0147565,0.6329113841056824,74,55
global_threshold_0.187,MassSpecGymID0148224,0.5151515007019043,104,96
global_threshold_0.187,MassSpecGymID0154000,0.5839999914169312,116,82
global_threshold_0.187,MassSpecGymID0179793,0.6315789222717285,32,30
global_threshold_0.187,MassSpecGymID0186407,0.5760869383811951,68,77
global_threshold_0.187,MassSpecGymID0189671,0.6666666865348816,93,77
global_threshold_0.187,MassSpecGymID0190452,0.6666666865348816,72,73
global_threshold_0.187,MassSpecGymID0190470,0.7032967209815979,79,76
global_threshold_0.187,MassSpecGymID0194051,0.7469879388809204,74,71
global_threshold_0.187,MassSpecGymID0197193,0.5344827771186829,49,40
global_threshold_0.187,MassSpecGymID0204274,0.5081967115402222,45,47
global_threshold_0.187,MassSpecGymID0204467,0.6600000262260437,39,44
global_threshold_0.187,MassSpecGymID0207523,0.6571428775787354,67,49
global_threshold_0.187,MassSpecGymID0208031,0.6774193644523621,25,27
global_threshold_0.187,MassSpecGymID0209122,0.6521739363670349,59,55
global_threshold_0.187,MassSpecGymID0211629,0.6984127163887024,54,53
global_threshold_0.187,MassSpecGymID0212150,0.5901639461517334,48,49
global_threshold_0.187,MassSpecGymID0214730,0.6666666865348816,45,45
global_threshold_0.187,MassSpecGymID0215032,0.7647058963775635,41,49
global_threshold_0.187,MassSpecGymID0215416,0.5714285969734192,41,47
global_threshold_0.187,MassSpecGymID0219479,0.6190476417541504,66,70
global_threshold_0.187,MassSpecGymID0219485,0.6190476417541504,66,70
global_threshold_0.187,MassSpecGymID0220707,0.7755101919174194,44,43
global_threshold_0.187,MassSpecGymID0224158,0.6842105388641357,53,43
global_threshold_0.187,MassSpecGymID0225652,0.6984127163887024,56,51
global_threshold_0.187,MassSpecGymID0225795,0.6111111044883728,56,60
global_threshold_0.187,MassSpecGymID0000204,0.875,40,35
global_threshold_0.187,MassSpecGymID0000215,0.8974359035491943,39,35
global_threshold_0.187,MassSpecGymID0001462,0.9431818127632141,88,83
global_threshold_0.187,MassSpecGymID0005667,1.0,36,36
global_threshold_0.187,MassSpecGymID0012743,0.8488371968269348,83,76
global_threshold_0.187,MassSpecGymID0012984,0.891566276550293,83,74
global_threshold_0.187,MassSpecGymID0014705,0.8392857313156128,56,47
global_threshold_0.187,MassSpecGymID0014786,0.8392857313156128,56,47
global_threshold_0.187,MassSpecGymID0018540,0.9534883499145508,43,41
global_threshold_0.187,MassSpecGymID0030219,0.8222222328186035,38,44
global_threshold_0.187,MassSpecGymID0034827,0.800000011920929,49,50
global_threshold_0.187,MassSpecGymID0034829,0.8363636136054993,51,50
global_threshold_0.187,MassSpecGymID0034856,0.8679245114326477,49,50
global_threshold_0.187,MassSpecGymID0039319,0.9677419066429138,93,90
global_threshold_0.187,MassSpecGymID0039780,0.9080459475517273,85,81
global_threshold_0.187,MassSpecGymID0040626,0.8235294222831726,32,30
global_threshold_0.187,MassSpecGymID0041215,0.9358974099159241,77,74
global_threshold_0.187,MassSpecGymID0050419,0.8965517282485962,29,26
global_threshold_0.187,MassSpecGymID0057096,0.9672130942344666,59,61
global_threshold_0.187,MassSpecGymID0071923,0.8387096524238586,54,60
global_threshold_0.187,MassSpecGymID0071936,0.9607843160629272,50,50
global_threshold_0.187,MassSpecGymID0073160,0.9722222089767456,36,35
global_threshold_0.187,MassSpecGymID0076442,0.9821428656578064,55,56
global_threshold_0.187,MassSpecGymID0079206,0.8947368264198303,54,54
global_threshold_0.187,MassSpecGymID0082615,0.9622641801834106,51,53
global_threshold_0.187,MassSpecGymID0083096,0.875,14,16
global_threshold_0.187,MassSpecGymID0089007,0.8235294222831726,62,62
global_threshold_0.187,MassSpecGymID0096922,0.925000011920929,40,37
global_threshold_0.187,MassSpecGymID0105076,0.9069767594337463,86,78
global_threshold_0.187,MassSpecGymID0146921,0.8877550959587097,98,87
global_threshold_0.187,MassSpecGymID0148963,0.8709677457809448,62,54
global_threshold_0.187,MassSpecGymID0152459,0.8545454740524292,54,48
global_threshold_0.187,MassSpecGymID0153990,0.9285714030265808,56,52
global_threshold_0.187,MassSpecGymID0199068,0.8409090638160706,80,82
global_threshold_0.187,MassSpecGymID0203168,0.8399999737739563,70,68
global_threshold_0.187,MassSpecGymID0208049,0.9137930870056152,57,54
global_threshold_0.187,MassSpecGymID0215493,0.8999999761581421,49,46
global_threshold_0.187,MassSpecGymID0218115,0.9591836929321289,48,48
global_threshold_0.187,MassSpecGymID0219385,1.0,69,69
global_threshold_0.187,MassSpecGymID0220012,0.9399999976158142,49,48
global_threshold_0.187,MassSpecGymID0221343,0.9516128897666931,62,59
global_threshold_0.187,MassSpecGymID0221368,0.887499988079071,78,73
global_threshold_0.187,MassSpecGymID0221550,0.9375,63,61
global_threshold_0.187,MassSpecGymID0221680,0.8125,58,58
global_threshold_0.187,MassSpecGymID0221882,0.8306451439857483,118,109
global_threshold_0.187,MassSpecGymID0222672,1.0,72,72
global_threshold_0.187,MassSpecGymID0223894,0.9384615421295166,64,62
global_threshold_0.187,MassSpecGymID0225286,0.9677419066429138,62,60
global_threshold_0.187,MassSpecGymID0225421,0.9622641801834106,53,51
global_threshold_0.187,MassSpecGymID0225863,0.9399999976158142,50,47
global_threshold_0.2,MassSpecGymID0001903,0.18309858441352844,46,38
global_threshold_0.2,MassSpecGymID0018837,0.1463414579629898,46,48
global_threshold_0.2,MassSpecGymID0018840,0.13265305757522583,63,48
global_threshold_0.2,MassSpecGymID0027378,0.18867924809455872,61,65
global_threshold_0.2,MassSpecGymID0027960,0.16161616146564484,67,48
global_threshold_0.2,MassSpecGymID0058040,0.1794871836900711,35,57
global_threshold_0.2,MassSpecGymID0058077,0.13924050331115723,75,105
global_threshold_0.2,MassSpecGymID0058081,0.20253165066242218,85,105
global_threshold_0.2,MassSpecGymID0059173,0.14772726595401764,57,44
global_threshold_0.2,MassSpecGymID0061350,0.1744185984134674,44,57
global_threshold_0.2,MassSpecGymID0070209,0.1882352977991104,43,58
global_threshold_0.2,MassSpecGymID0076472,0.1149425283074379,40,57
global_threshold_0.2,MassSpecGymID0076664,0.125,42,48
global_threshold_0.2,MassSpecGymID0076673,0.125,42,48
global_threshold_0.2,MassSpecGymID0105096,0.1428571492433548,82,78
global_threshold_0.2,MassSpecGymID0134807,0.1854838728904724,68,79
global_threshold_0.2,MassSpecGymID0135253,0.12162162363529205,98,68
global_threshold_0.2,MassSpecGymID0135257,0.13533835113048553,83,68
global_threshold_0.2,MassSpecGymID0136309,0.17518247663974762,84,77
global_threshold_0.2,MassSpecGymID0136365,0.18487395346164703,64,77
global_threshold_0.2,MassSpecGymID0146901,0.1599999964237213,87,87
global_threshold_0.2,MassSpecGymID0154352,0.1411764770746231,39,58
global_threshold_0.2,MassSpecGymID0154792,0.14423076808452606,58,61
global_threshold_0.2,MassSpecGymID0162178,0.14516128599643707,38,33
global_threshold_0.2,MassSpecGymID0162215,0.14084507524967194,48,33
global_threshold_0.2,MassSpecGymID0162310,0.1975308656692505,42,55
global_threshold_0.2,MassSpecGymID0162742,0.14130434393882751,53,52
global_threshold_0.2,MassSpecGymID0179016,0.15306122601032257,44,69
global_threshold_0.2,MassSpecGymID0182450,0.18867924809455872,70,56
global_threshold_0.2,MassSpecGymID0185118,0.14393939077854156,84,67
global_threshold_0.2,MassSpecGymID0186133,0.16483516991138458,53,53
global_threshold_0.2,MassSpecGymID0192057,0.15625,49,62
global_threshold_0.2,MassSpecGymID0196090,0.16393442451953888,37,34
global_threshold_0.2,MassSpecGymID0198021,0.14492753148078918,81,77
global_threshold_0.2,MassSpecGymID0203443,0.18000000715255737,61,57
global_threshold_0.2,MassSpecGymID0203612,0.18918919563293457,39,49
global_threshold_0.2,MassSpecGymID0204199,0.18987341225147247,46,48
global_threshold_0.2,MassSpecGymID0206523,0.1805555522441864,39,46
global_threshold_0.2,MassSpecGymID0206904,0.1666666716337204,47,58
global_threshold_0.2,MassSpecGymID0208829,0.1463414579629898,42,52
global_threshold_0.2,MassSpecGymID0209913,0.21052631735801697,30,39
global_threshold_0.2,MassSpecGymID0210193,0.2028985470533371,32,51
global_threshold_0.2,MassSpecGymID0211536,0.1764705926179886,65,55
global_threshold_0.2,MassSpecGymID0212722,0.16923077404499054,27,49
global_threshold_0.2,MassSpecGymID0213408,0.20588235557079315,32,50
global_threshold_0.2,MassSpecGymID0213789,0.19354838132858276,28,46
global_threshold_0.2,MassSpecGymID0214938,0.1875,29,47
global_threshold_0.2,MassSpecGymID0215323,0.20000000298023224,27,45
global_threshold_0.2,MassSpecGymID0224184,0.1354166716337204,53,56
global_threshold_0.2,MassSpecGymID0224933,0.19090908765792847,64,67
global_threshold_0.2,MassSpecGymID0032389,0.19354838132858276,35,39
global_threshold_0.2,MassSpecGymID0035475,0.4444444477558136,46,58
global_threshold_0.2,MassSpecGymID0051208,0.42465752363204956,47,57
global_threshold_0.2,MassSpecGymID0051457,0.22368420660495758,36,57
global_threshold_0.2,MassSpecGymID0054352,0.2238806039094925,36,46
global_threshold_0.2,MassSpecGymID0055282,0.22033898532390594,34,38
global_threshold_0.2,MassSpecGymID0070653,0.3478260934352875,41,52
global_threshold_0.2,MassSpecGymID0076053,0.3181818127632141,29,29
global_threshold_0.2,MassSpecGymID0086672,0.22058823704719543,45,38
global_threshold_0.2,MassSpecGymID0126630,0.4653465449810028,78,70
global_threshold_0.2,MassSpecGymID0142449,0.19718310236930847,37,48
global_threshold_0.2,MassSpecGymID0154356,0.4588235318660736,66,58
global_threshold_0.2,MassSpecGymID0157809,0.4266666769981384,49,58
global_threshold_0.2,MassSpecGymID0168902,0.3717948794364929,41,66
global_threshold_0.2,MassSpecGymID0179539,0.4492753744125366,42,58
global_threshold_0.2,MassSpecGymID0180533,0.49253731966018677,43,57
global_threshold_0.2,MassSpecGymID0182775,0.2535211145877838,36,53
global_threshold_0.2,MassSpecGymID0185614,0.3484848439693451,47,42
global_threshold_0.2,MassSpecGymID0194710,0.30075186491012573,90,83
global_threshold_0.2,MassSpecGymID0197823,0.2651515007019043,88,79
global_threshold_0.2,MassSpecGymID0197998,0.4177215099334717,51,61
global_threshold_0.2,MassSpecGymID0199840,0.23529411852359772,53,52
global_threshold_0.2,MassSpecGymID0202711,0.4810126721858978,51,66
global_threshold_0.2,MassSpecGymID0202787,0.23255814611911774,71,88
global_threshold_0.2,MassSpecGymID0205123,0.2857142984867096,37,53
global_threshold_0.2,MassSpecGymID0205275,0.3661971688270569,47,50
global_threshold_0.2,MassSpecGymID0207476,0.3333333432674408,43,49
global_threshold_0.2,MassSpecGymID0207974,0.3378378450870514,41,58
global_threshold_0.2,MassSpecGymID0208689,0.2916666567325592,44,49
global_threshold_0.2,MassSpecGymID0209540,0.27397260069847107,44,49
global_threshold_0.2,MassSpecGymID0209809,0.25,31,49
global_threshold_0.2,MassSpecGymID0210092,0.2535211145877838,35,54
global_threshold_0.2,MassSpecGymID0210306,0.23076923191547394,29,51
global_threshold_0.2,MassSpecGymID0210496,0.23076923191547394,29,51
global_threshold_0.2,MassSpecGymID0210529,0.27848100662231445,45,56
global_threshold_0.2,MassSpecGymID0210816,0.33870968222618103,31,52
global_threshold_0.2,MassSpecGymID0211212,0.38983049988746643,35,47
global_threshold_0.2,MassSpecGymID0211596,0.2461538463830948,32,49
global_threshold_0.2,MassSpecGymID0212010,0.26582279801368713,41,59
global_threshold_0.2,MassSpecGymID0212443,0.3333333432674408,48,48
global_threshold_0.2,MassSpecGymID0212530,0.41558441519737244,50,59
global_threshold_0.2,MassSpecGymID0213416,0.4126984179019928,42,47
global_threshold_0.2,MassSpecGymID0214882,0.3132530152797699,48,61
global_threshold_0.2,MassSpecGymID0216198,0.4912280738353729,35,50
global_threshold_0.2,MassSpecGymID0219119,0.2716049253940582,53,50
global_threshold_0.2,MassSpecGymID0219478,0.3186813294887543,50,70
global_threshold_0.2,MassSpecGymID0221613,0.21276596188545227,22,35
global_threshold_0.2,MassSpecGymID0222136,0.25,42,53
global_threshold_0.2,MassSpecGymID0222364,0.39393940567970276,41,51
global_threshold_0.2,MassSpecGymID0224157,0.3333333432674408,41,43
global_threshold_0.2,MassSpecGymID0014731,0.7454545497894287,49,47
global_threshold_0.2,MassSpecGymID0027372,0.6265060305595398,70,65
global_threshold_0.2,MassSpecGymID0028445,0.7866666913032532,74,60
global_threshold_0.2,MassSpecGymID0030204,0.739130437374115,36,44
global_threshold_0.2,MassSpecGymID0037597,0.6617646813392639,57,56
global_threshold_0.2,MassSpecGymID0040046,0.5113636255264282,58,75
global_threshold_0.2,MassSpecGymID0051503,0.8113207817077637,48,48
global_threshold_0.2,MassSpecGymID0052603,0.738095223903656,68,78
global_threshold_0.2,MassSpecGymID0053008,0.7377049326896667,54,52
global_threshold_0.2,MassSpecGymID0059647,0.7037037014961243,62,76
global_threshold_0.2,MassSpecGymID0064677,0.7818182110786438,55,43
global_threshold_0.2,MassSpecGymID0064693,0.7636363506317139,54,43
global_threshold_0.2,MassSpecGymID0064730,0.8269230723381042,52,43
global_threshold_0.2,MassSpecGymID0076538,0.5316455960273743,64,57
global_threshold_0.2,MassSpecGymID0077268,0.6302521228790283,112,82
global_threshold_0.2,MassSpecGymID0078748,0.7424242496490479,57,58
global_threshold_0.2,MassSpecGymID0078749,0.7121211886405945,55,58
global_threshold_0.2,MassSpecGymID0081356,0.75,35,35
global_threshold_0.2,MassSpecGymID0089011,0.800000011920929,64,62
global_threshold_0.2,MassSpecGymID0089970,0.6842105388641357,50,46
global_threshold_0.2,MassSpecGymID0110700,0.7525773048400879,94,76
global_threshold_0.2,MassSpecGymID0110709,0.6095238327980042,93,76
global_threshold_0.2,MassSpecGymID0114461,0.7333333492279053,78,78
global_threshold_0.2,MassSpecGymID0114470,0.761904776096344,70,78
global_threshold_0.2,MassSpecGymID0147565,0.6363636255264282,71,55
global_threshold_0.2,MassSpecGymID0148224,0.53125,100,96
global_threshold_0.2,MassSpecGymID0154000,0.5887096524238586,115,82
global_threshold_0.2,MassSpecGymID0179793,0.6486486196517944,31,30
global_threshold_0.2,MassSpecGymID0186407,0.5888888835906982,66,77
global_threshold_0.2,MassSpecGymID0189671,0.656862735748291,92,77
global_threshold_0.2,MassSpecGymID0190452,0.6666666865348816,72,73
global_threshold_0.2,MassSpecGymID0190470,0.7032967209815979,79,76
global_threshold_0.2,MassSpecGymID0194051,0.7439024448394775,72,71
global_threshold_0.2,MassSpecGymID0197193,0.5438596606254578,48,40
global_threshold_0.2,MassSpecGymID0204274,0.5081967115402222,45,47
global_threshold_0.2,MassSpecGymID0204467,0.6600000262260437,39,44
global_threshold_0.2,MassSpecGymID0207523,0.6716417670249939,63,49
global_threshold_0.2,MassSpecGymID0208031,0.699999988079071,24,27
global_threshold_0.2,MassSpecGymID0209122,0.6567164063453674,56,55
global_threshold_0.2,MassSpecGymID0211629,0.6935483813285828,52,53
global_threshold_0.2,MassSpecGymID0212150,0.5737704634666443,47,49
global_threshold_0.2,MassSpecGymID0214730,0.7058823704719543,42,45
global_threshold_0.2,MassSpecGymID0215032,0.7450980544090271,40,49
global_threshold_0.2,MassSpecGymID0215416,0.5535714030265808,40,47
global_threshold_0.2,MassSpecGymID0219479,0.6341463327407837,64,70
global_threshold_0.2,MassSpecGymID0219485,0.6341463327407837,64,70
global_threshold_0.2,MassSpecGymID0220707,0.7916666865348816,43,43
global_threshold_0.2,MassSpecGymID0224158,0.7090908885002136,51,43
global_threshold_0.2,MassSpecGymID0225652,0.6984127163887024,56,51
global_threshold_0.2,MassSpecGymID0225795,0.5833333134651184,54,60
global_threshold_0.2,MassSpecGymID0000204,0.8974359035491943,39,35
global_threshold_0.2,MassSpecGymID0000215,0.8974359035491943,39,35
global_threshold_0.2,MassSpecGymID0001462,0.9431818127632141,88,83
global_threshold_0.2,MassSpecGymID0005667,1.0,36,36
global_threshold_0.2,MassSpecGymID0012743,0.8488371968269348,83,76
global_threshold_0.2,MassSpecGymID0012984,0.8902438879013062,81,74
global_threshold_0.2,MassSpecGymID0014705,0.8703703880310059,54,47
global_threshold_0.2,MassSpecGymID0014786,0.8392857313156128,56,47
global_threshold_0.2,MassSpecGymID0018540,0.976190447807312,42,41
global_threshold_0.2,MassSpecGymID0030219,0.800000011920929,37,44
global_threshold_0.2,MassSpecGymID0034827,0.8113207817077637,46,50
global_threshold_0.2,MassSpecGymID0034829,0.8363636136054993,51,50
global_threshold_0.2,MassSpecGymID0034856,0.8846153616905212,48,50
global_threshold_0.2,MassSpecGymID0039319,0.9890109896659851,91,90
global_threshold_0.2,MassSpecGymID0039780,0.9186046719551086,84,81
global_threshold_0.2,MassSpecGymID0040626,0.8235294222831726,32,30
global_threshold_0.2,MassSpecGymID0041215,0.9358974099159241,77,74
global_threshold_0.2,MassSpecGymID0050419,0.8965517282485962,29,26
global_threshold_0.2,MassSpecGymID0057096,0.9672130942344666,59,61
global_threshold_0.2,MassSpecGymID0071923,0.8225806355476379,53,60
global_threshold_0.2,MassSpecGymID0071936,0.9607843160629272,50,50
global_threshold_0.2,MassSpecGymID0073160,1.0,35,35
global_threshold_0.2,MassSpecGymID0076442,0.9821428656578064,55,56
global_threshold_0.2,MassSpecGymID0079206,0.9107142686843872,53,54
global_threshold_0.2,MassSpecGymID0082615,0.9622641801834106,51,53
global_threshold_0.2,MassSpecGymID0083096,0.875,14,16
global_threshold_0.2,MassSpecGymID0089007,0.8358209133148193,61,62
global_threshold_0.2,MassSpecGymID0096922,0.925000011920929,40,37
global_threshold_0.2,MassSpecGymID0105076,0.9176470637321472,85,78
global_threshold_0.2,MassSpecGymID0146921,0.8877550959587097,98,87
global_threshold_0.2,MassSpecGymID0148963,0.8709677457809448,62,54
global_threshold_0.2,MassSpecGymID0152459,0.8545454740524292,54,48
global_threshold_0.2,MassSpecGymID0153990,0.9454545378684998,55,52
global_threshold_0.2,MassSpecGymID0199068,0.8505747318267822,79,82
global_threshold_0.2,MassSpecGymID0203168,0.8630136847496033,68,68
global_threshold_0.2,MassSpecGymID0208049,0.9137930870056152,57,54
global_threshold_0.2,MassSpecGymID0215493,0.918367326259613,48,46
global_threshold_0.2,MassSpecGymID0218115,0.9591836929321289,48,48
global_threshold_0.2,MassSpecGymID0219385,1.0,69,69
global_threshold_0.2,MassSpecGymID0220012,0.9591836929321289,48,48
global_threshold_0.2,MassSpecGymID0221343,0.9672130942344666,61,59
global_threshold_0.2,MassSpecGymID0221368,0.9102563858032227,76,73
global_threshold_0.2,MassSpecGymID0221550,0.9375,63,61
global_threshold_0.2,MassSpecGymID0221680,0.8666666746139526,54,58
global_threshold_0.2,MassSpecGymID0221882,0.8429751992225647,114,109
global_threshold_0.2,MassSpecGymID0222672,1.0,72,72
global_threshold_0.2,MassSpecGymID0223894,0.9384615421295166,64,62
global_threshold_0.2,MassSpecGymID0225286,0.9677419066429138,62,60
global_threshold_0.2,MassSpecGymID0225421,0.9622641801834106,53,51
global_threshold_0.2,MassSpecGymID0225863,0.9591836929321289,49,47
global_threshold_0.25,MassSpecGymID0001903,0.20000000298023224,40,38
global_threshold_0.25,MassSpecGymID0018837,0.16438356041908264,37,48
global_threshold_0.25,MassSpecGymID0018840,0.13829787075519562,59,48
global_threshold_0.25,MassSpecGymID0027378,0.18627451360225677,56,65
global_threshold_0.25,MassSpecGymID0027960,0.1595744639635086,61,48
global_threshold_0.25,MassSpecGymID0058040,0.1621621549129486,29,57
global_threshold_0.25,MassSpecGymID0058077,0.14000000059604645,66,105
global_threshold_0.25,MassSpecGymID0058081,0.2042253464460373,66,105
global_threshold_0.25,MassSpecGymID0059173,0.16455696523189545,48,44
global_threshold_0.25,MassSpecGymID0061350,0.17283950746059418,38,57
global_threshold_0.25,MassSpecGymID0070209,0.1807228922843933,40,58
global_threshold_0.25,MassSpecGymID0076472,0.10975609719753265,34,57
global_threshold_0.25,MassSpecGymID0076664,0.12328767031431198,34,48
global_threshold_0.25,MassSpecGymID0076673,0.12328767031431198,34,48
global_threshold_0.25,MassSpecGymID0105096,0.14705882966518402,78,78
global_threshold_0.25,MassSpecGymID0134807,0.1964285671710968,55,79
global_threshold_0.25,MassSpecGymID0135253,0.12142857164144516,89,68
global_threshold_0.25,MassSpecGymID0135257,0.1230769231915474,78,68
global_threshold_0.25,MassSpecGymID0136309,0.17777778208255768,82,77
global_threshold_0.25,MassSpecGymID0136365,0.1696428507566452,54,77
global_threshold_0.25,MassSpecGymID0146901,0.1560283750295639,76,87
global_threshold_0.25,MassSpecGymID0154352,0.1411764770746231,39,58
global_threshold_0.25,MassSpecGymID0154792,0.1515151560306549,53,61
global_threshold_0.25,MassSpecGymID0162178,0.1355932205915451,34,33
global_threshold_0.25,MassSpecGymID0162215,0.14754098653793335,37,33
global_threshold_0.25,MassSpecGymID0162310,0.18421052396297455,35,55
global_threshold_0.25,MassSpecGymID0162742,0.1547619104385376,45,52
global_threshold_0.25,MassSpecGymID0179016,0.13793103396892548,30,69
global_threshold_0.25,MassSpecGymID0182450,0.20202019810676575,63,56
global_threshold_0.25,MassSpecGymID0185118,0.125,77,67
global_threshold_0.25,MassSpecGymID0186133,0.16470588743686676,46,53
global_threshold_0.25,MassSpecGymID0192057,0.14606741070747375,40,62
global_threshold_0.25,MassSpecGymID0196090,0.11666666716337204,33,34
global_threshold_0.25,MassSpecGymID0198021,0.14492753148078918,81,77
global_threshold_0.25,MassSpecGymID0203443,0.17525772750377655,57,57
global_threshold_0.25,MassSpecGymID0203612,0.16438356041908264,36,49
global_threshold_0.25,MassSpecGymID0204199,0.18421052396297455,42,48
global_threshold_0.25,MassSpecGymID0206523,0.19354838132858276,28,46
global_threshold_0.25,MassSpecGymID0206904,0.1764705926179886,42,58
global_threshold_0.25,MassSpecGymID0208829,0.1428571492433548,36,52
global_threshold_0.25,MassSpecGymID0209913,0.18867924809455872,24,39
global_threshold_0.25,MassSpecGymID0210193,0.1818181872367859,27,51
global_threshold_0.25,MassSpecGymID0211536,0.15625,56,55
global_threshold_0.25,MassSpecGymID0212722,0.18644067645072937,21,49
global_threshold_0.25,MassSpecGymID0213408,0.24137930572032928,22,50
global_threshold_0.25,MassSpecGymID0213789,0.20338982343673706,25,46
global_threshold_0.25,MassSpecGymID0214938,0.20000000298023224,25,47
global_threshold_0.25,MassSpecGymID0215323,0.1964285671710968,22,45
global_threshold_0.25,MassSpecGymID0224184,0.1428571492433548,48,56
global_threshold_0.25,MassSpecGymID0224933,0.19191919267177582,51,67
global_threshold_0.25,MassSpecGymID0032389,0.1818181872367859,26,39
global_threshold_0.25,MassSpecGymID0035475,0.4264705777168274,39,58
global_threshold_0.25,MassSpecGymID0051208,0.3802816867828369,41,57
global_threshold_0.25,MassSpecGymID0051457,0.24285714328289032,30,57
global_threshold_0.25,MassSpecGymID0054352,0.21875,32,46
global_threshold_0.25,MassSpecGymID0055282,0.2708333432674408,23,38
global_threshold_0.25,MassSpecGymID0070653,0.296875,31,52
global_threshold_0.25,MassSpecGymID0076053,0.25,21,29
global_threshold_0.25,MassSpecGymID0086672,0.2063492089509964,38,38
global_threshold_0.25,MassSpecGymID0126630,0.4639175236225128,72,70
global_threshold_0.25,MassSpecGymID0142449,0.1818181872367859,30,48
global_threshold_0.25,MassSpecGymID0154356,0.43529412150382996,64,58
global_threshold_0.25,MassSpecGymID0157809,0.4202898442745209,40,58
global_threshold_0.25,MassSpecGymID0168902,0.2933333218097687,31,66
global_threshold_0.25,MassSpecGymID0179539,0.4285714328289032,32,58
global_threshold_0.25,MassSpecGymID0180533,0.4615384638309479,38,57
global_threshold_0.25,MassSpecGymID0182775,0.23529411852359772,31,53
global_threshold_0.25,MassSpecGymID0185614,0.36666667461395264,40,42
global_threshold_0.25,MassSpecGymID0194710,0.2977099120616913,87,83
global_threshold_0.25,MassSpecGymID0197823,0.26356589794158936,84,79
global_threshold_0.25,MassSpecGymID0197998,0.42105263471603394,47,61
global_threshold_0.25,MassSpecGymID0199840,0.23999999463558197,41,52
global_threshold_0.25,MassSpecGymID0202711,0.46666666865348816,44,66
global_threshold_0.25,MassSpecGymID0202787,0.2521008551120758,61,88
global_threshold_0.25,MassSpecGymID0205123,0.265625,28,53
global_threshold_0.25,MassSpecGymID0205275,0.39393940567970276,42,50
global_threshold_0.25,MassSpecGymID0207476,0.35483869910240173,35,49
global_threshold_0.25,MassSpecGymID0207974,0.30000001192092896,33,58
global_threshold_0.25,MassSpecGymID0208689,0.2753623127937317,39,49
global_threshold_0.25,MassSpecGymID0209540,0.26760563254356384,41,49
global_threshold_0.25,MassSpecGymID0209809,0.24137930572032928,23,49
global_threshold_0.25,MassSpecGymID0210092,0.2537313401699066,30,54
global_threshold_0.25,MassSpecGymID0210306,0.24137930572032928,21,51
global_threshold_0.25,MassSpecGymID0210496,0.24590164422988892,25,51
global_threshold_0.25,MassSpecGymID0210529,0.2933333218097687,41,56
global_threshold_0.25,MassSpecGymID0210816,0.30000001192092896,26,52
global_threshold_0.25,MassSpecGymID0211212,0.4000000059604645,30,47
global_threshold_0.25,MassSpecGymID0211596,0.23333333432674408,25,49
global_threshold_0.25,MassSpecGymID0212010,0.2876712381839752,35,59
global_threshold_0.25,MassSpecGymID0212443,0.2985074520111084,39,48
global_threshold_0.25,MassSpecGymID0212530,0.3802816867828369,39,59
global_threshold_0.25,MassSpecGymID0213416,0.39344263076782227,38,47
global_threshold_0.25,MassSpecGymID0214882,0.3125,44,61
global_threshold_0.25,MassSpecGymID0216198,0.5090909004211426,33,50
global_threshold_0.25,MassSpecGymID0219119,0.28947368264198303,48,50
global_threshold_0.25,MassSpecGymID0219478,0.3214285671710968,41,70
global_threshold_0.25,MassSpecGymID0221613,0.20454545319080353,18,35
global_threshold_0.25,MassSpecGymID0222136,0.2535211145877838,36,53
global_threshold_0.25,MassSpecGymID0222364,0.375,37,51
global_threshold_0.25,MassSpecGymID0224157,0.4038461446762085,30,43
global_threshold_0.25,MassSpecGymID0014731,0.7407407164573669,47,47
global_threshold_0.25,MassSpecGymID0027372,0.6756756901741028,59,65
global_threshold_0.25,MassSpecGymID0028445,0.8082191944122314,72,60
global_threshold_0.25,MassSpecGymID0030204,0.739130437374115,36,44
global_threshold_0.25,MassSpecGymID0037597,0.6818181872367859,55,56
global_threshold_0.25,MassSpecGymID0040046,0.488095223903656,50,75
global_threshold_0.25,MassSpecGymID0051503,0.800000011920929,42,48
global_threshold_0.25,MassSpecGymID0052603,0.7469879388809204,67,78
global_threshold_0.25,MassSpecGymID0053008,0.7413793206214905,49,52
global_threshold_0.25,MassSpecGymID0059647,0.6875,59,76
global_threshold_0.25,MassSpecGymID0064677,0.8269230723381042,52,43
global_threshold_0.25,MassSpecGymID0064693,0.8235294222831726,50,43
global_threshold_0.25,MassSpecGymID0064730,0.8775510191917419,49,43
global_threshold_0.25,MassSpecGymID0076538,0.5555555820465088,55,57
global_threshold_0.25,MassSpecGymID0077268,0.6428571343421936,102,82
global_threshold_0.25,MassSpecGymID0078748,0.703125,51,58
global_threshold_0.25,MassSpecGymID0078749,0.6875,50,58
global_threshold_0.25,MassSpecGymID0081356,0.7435897588729858,33,35
global_threshold_0.25,MassSpecGymID0089011,0.8059701323509216,59,62
global_threshold_0.25,MassSpecGymID0089970,0.7307692170143127,44,46
global_threshold_0.25,MassSpecGymID0110700,0.7684210538864136,92,76
global_threshold_0.25,MassSpecGymID0110709,0.5922330021858215,88,76
global_threshold_0.25,MassSpecGymID0114461,0.761904776096344,70,78
global_threshold_0.25,MassSpecGymID0114470,0.761904776096344,70,78
global_threshold_0.25,MassSpecGymID0147565,0.6521739363670349,59,55
global_threshold_0.25,MassSpecGymID0148224,0.5546218752861023,89,96
global_threshold_0.25,MassSpecGymID0154000,0.6315789222717285,104,82
global_threshold_0.25,MassSpecGymID0179793,0.6666666865348816,30,30
global_threshold_0.25,MassSpecGymID0186407,0.5465116500854492,56,77
global_threshold_0.25,MassSpecGymID0189671,0.6836734414100647,88,77
global_threshold_0.25,MassSpecGymID0190452,0.6666666865348816,67,73
global_threshold_0.25,MassSpecGymID0190470,0.6888889074325562,76,76
global_threshold_0.25,MassSpecGymID0194051,0.7283950448036194,69,71
global_threshold_0.25,MassSpecGymID0197193,0.5961538553237915,43,40
global_threshold_0.25,MassSpecGymID0204274,0.517241358757019,41,47
global_threshold_0.25,MassSpecGymID0204467,0.6600000262260437,39,44
global_threshold_0.25,MassSpecGymID0207523,0.671875,58,49
global_threshold_0.25,MassSpecGymID0208031,0.7241379022598267,23,27
global_threshold_0.25,MassSpecGymID0209122,0.6769230961799622,54,55
global_threshold_0.25,MassSpecGymID0211629,0.7118644118309021,48,53
global_threshold_0.25,MassSpecGymID0212150,0.5789473652839661,41,49
global_threshold_0.25,MassSpecGymID0214730,0.699999988079071,40,45
global_threshold_0.25,MassSpecGymID0215032,0.7599999904632568,39,49
global_threshold_0.25,MassSpecGymID0215416,0.5686274766921997,33,47
global_threshold_0.25,MassSpecGymID0219479,0.5696202516555786,54,70
global_threshold_0.25,MassSpecGymID0219485,0.5625,55,70
global_threshold_0.25,MassSpecGymID0220707,0.782608687877655,39,43
global_threshold_0.25,MassSpecGymID0224158,0.8125,44,43
global_threshold_0.25,MassSpecGymID0225652,0.6935483813285828,54,51
global_threshold_0.25,MassSpecGymID0225795,0.5492957830429077,50,60
global_threshold_0.25,MassSpecGymID0000204,0.9210526347160339,38,35
global_threshold_0.25,MassSpecGymID0000215,0.9210526347160339,38,35
global_threshold_0.25,MassSpecGymID0001462,0.9651162624359131,86,83
global_threshold_0.25,MassSpecGymID0005667,1.0,36,36
global_threshold_0.25,MassSpecGymID0012743,0.8452380895614624,79,76
global_threshold_0.25,MassSpecGymID0012984,0.8987341523170471,76,74
global_threshold_0.25,MassSpecGymID0014705,0.7924528121948242,48,47
global_threshold_0.25,MassSpecGymID0014786,0.8301886916160583,50,47
global_threshold_0.25,MassSpecGymID0018540,1.0,41,41
global_threshold_0.25,MassSpecGymID0030219,0.7954545617103577,35,44
global_threshold_0.25,MassSpecGymID0034827,0.8269230723381042,45,50
global_threshold_0.25,MassSpecGymID0034829,0.8363636136054993,51,50
global_threshold_0.25,MassSpecGymID0034856,0.8653846383094788,47,50
global_threshold_0.25,MassSpecGymID0039319,1.0,90,90
global_threshold_0.25,MassSpecGymID0039780,0.9047619104385376,79,81
global_threshold_0.25,MassSpecGymID0040626,0.875,30,30
global_threshold_0.25,MassSpecGymID0041215,0.948051929473877,76,74
global_threshold_0.25,MassSpecGymID0050419,0.9285714030265808,28,26
global_threshold_0.25,MassSpecGymID0057096,0.9508196711540222,58,61
global_threshold_0.25,MassSpecGymID0071923,0.8500000238418579,51,60
global_threshold_0.25,MassSpecGymID0071936,0.9607843160629272,50,50
global_threshold_0.25,MassSpecGymID0073160,1.0,35,35
global_threshold_0.25,MassSpecGymID0076442,0.9821428656578064,55,56
global_threshold_0.25,MassSpecGymID0079206,0.9444444179534912,51,54
global_threshold_0.25,MassSpecGymID0082615,0.9622641801834106,51,53
global_threshold_0.25,MassSpecGymID0083096,0.875,14,16
global_threshold_0.25,MassSpecGymID0089007,0.8888888955116272,57,62
global_threshold_0.25,MassSpecGymID0096922,0.9487179517745972,39,37
global_threshold_0.25,MassSpecGymID0105076,0.9285714030265808,84,78
global_threshold_0.25,MassSpecGymID0146921,0.9354838728904724,93,87
global_threshold_0.25,MassSpecGymID0148963,0.9642857313156128,56,54
global_threshold_0.25,MassSpecGymID0152459,0.8148148059844971,50,48
global_threshold_0.25,MassSpecGymID0153990,1.0,52,52
global_threshold_0.25,MassSpecGymID0199068,0.8275862336158752,77,82
global_threshold_0.25,MassSpecGymID0203168,0.8857142925262451,64,68
global_threshold_0.25,MassSpecGymID0208049,0.9298245906829834,56,54
global_threshold_0.25,MassSpecGymID0215493,0.9166666865348816,46,46
global_threshold_0.25,MassSpecGymID0218115,0.9387755393981934,47,48
global_threshold_0.25,MassSpecGymID0219385,0.9855072498321533,68,69
global_threshold_0.25,MassSpecGymID0220012,0.9583333134651184,46,48
global_threshold_0.25,MassSpecGymID0221343,0.9672130942344666,61,59
global_threshold_0.25,MassSpecGymID0221368,0.8815789222717285,70,73
global_threshold_0.25,MassSpecGymID0221550,0.9836065769195557,60,61
global_threshold_0.25,MassSpecGymID0221680,0.8666666746139526,54,58
global_threshold_0.25,MassSpecGymID0221882,0.8672566413879395,102,109
global_threshold_0.25,MassSpecGymID0222672,0.9722222089767456,70,72
global_threshold_0.25,MassSpecGymID0223894,0.953125,63,62
global_threshold_0.25,MassSpecGymID0225286,0.9677419066429138,62,60
global_threshold_0.25,MassSpecGymID0225421,1.0,51,51
global_threshold_0.25,MassSpecGymID0225863,0.9591836929321289,49,47
global_threshold_0.3,MassSpecGymID0001903,0.22807016968727112,32,38
global_threshold_0.3,MassSpecGymID0018837,0.171875,27,48
global_threshold_0.3,MassSpecGymID0018840,0.14772726595401764,53,48
global_threshold_0.3,MassSpecGymID0027378,0.1734693944454193,50,65
global_threshold_0.3,MassSpecGymID0027960,0.15730337798595428,55,48
global_threshold_0.3,MassSpecGymID0058040,0.17142857611179352,25,57
global_threshold_0.3,MassSpecGymID0058077,0.1458333283662796,60,105
global_threshold_0.3,MassSpecGymID0058081,0.19708029925823212,59,105
global_threshold_0.3,MassSpecGymID0059173,0.1756756752729416,43,44
global_threshold_0.3,MassSpecGymID0061350,0.15789473056793213,31,57
global_threshold_0.3,MassSpecGymID0070209,0.1875,37,58
global_threshold_0.3,MassSpecGymID0076472,0.1139240488409996,31,57
global_threshold_0.3,MassSpecGymID0076664,0.1304347813129425,30,48
global_threshold_0.3,MassSpecGymID0076673,0.1304347813129425,30,48
global_threshold_0.3,MassSpecGymID0105096,0.1550387591123581,71,78
global_threshold_0.3,MassSpecGymID0134807,0.17924527823925018,46,79
global_threshold_0.3,MassSpecGymID0135253,0.125,85,68
global_threshold_0.3,MassSpecGymID0135257,0.12903225421905518,72,68
global_threshold_0.3,MassSpecGymID0136309,0.17293232679367065,79,77
global_threshold_0.3,MassSpecGymID0136365,0.17475728690624237,44,77
global_threshold_0.3,MassSpecGymID0146901,0.16417910158634186,69,87
global_threshold_0.3,MassSpecGymID0154352,0.1411764770746231,39,58
global_threshold_0.3,MassSpecGymID0154792,0.16129031777381897,47,61
global_threshold_0.3,MassSpecGymID0162178,0.1320754736661911,27,33
global_threshold_0.3,MassSpecGymID0162215,0.15789473056793213,33,33
global_threshold_0.3,MassSpecGymID0162310,0.18918919563293457,33,55
global_threshold_0.3,MassSpecGymID0162742,0.130952388048172,43,52
global_threshold_0.3,MassSpecGymID0179016,0.12941177189350128,27,69
global_threshold_0.3,MassSpecGymID0182450,0.20212766528129578,57,56
global_threshold_0.3,MassSpecGymID0185118,0.12800000607967377,74,67
global_threshold_0.3,MassSpecGymID0186133,0.17073170840740204,43,53
global_threshold_0.3,MassSpecGymID0192057,0.15294118225574493,36,62
global_threshold_0.3,MassSpecGymID0196090,0.11666666716337204,33,34
global_threshold_0.3,MassSpecGymID0198021,0.14492753148078918,81,77
global_threshold_0.3,MassSpecGymID0203443,0.17777778208255768,49,57
global_threshold_0.3,MassSpecGymID0203612,0.16417910158634186,29,49
global_threshold_0.3,MassSpecGymID0204199,0.19178082048892975,39,48
global_threshold_0.3,MassSpecGymID0206523,0.2068965584039688,24,46
global_threshold_0.3,MassSpecGymID0206904,0.1807228922843933,40,58
global_threshold_0.3,MassSpecGymID0208829,0.13513512909412384,32,52
global_threshold_0.3,MassSpecGymID0209913,0.18000000715255737,20,39
global_threshold_0.3,MassSpecGymID0210193,0.19354838132858276,23,51
global_threshold_0.3,MassSpecGymID0211536,0.15217390656471252,51,55
global_threshold_0.3,MassSpecGymID0212722,0.1785714328289032,17,49
global_threshold_0.3,MassSpecGymID0213408,0.2321428507566452,19,50
global_threshold_0.3,MassSpecGymID0213789,0.2068965584039688,24,46
global_threshold_0.3,MassSpecGymID0214938,0.17543859779834747,20,47
global_threshold_0.3,MassSpecGymID0215323,0.21568627655506134,17,45
global_threshold_0.3,MassSpecGymID0224184,0.13636364042758942,44,56
global_threshold_0.3,MassSpecGymID0224933,0.19148936867713928,45,67
global_threshold_0.3,MassSpecGymID0032389,0.16981132328510284,23,39
global_threshold_0.3,MassSpecGymID0035475,0.4307692348957062,35,58
global_threshold_0.3,MassSpecGymID0051208,0.37142857909202576,39,57
global_threshold_0.3,MassSpecGymID0051457,0.23529411852359772,27,57
global_threshold_0.3,MassSpecGymID0054352,0.22807016968727112,24,46
global_threshold_0.3,MassSpecGymID0055282,0.23404255509376526,20,38
global_threshold_0.3,MassSpecGymID0070653,0.2698412835597992,28,52
global_threshold_0.3,MassSpecGymID0076053,0.21621622145175934,16,29
global_threshold_0.3,MassSpecGymID0086672,0.19354838132858276,36,38
global_threshold_0.3,MassSpecGymID0126630,0.46315789222717285,69,70
global_threshold_0.3,MassSpecGymID0142449,0.171875,27,48
global_threshold_0.3,MassSpecGymID0154356,0.40243902802467346,57,58
global_threshold_0.3,MassSpecGymID0157809,0.41791045665740967,37,58
global_threshold_0.3,MassSpecGymID0168902,0.2777777910232544,26,66
global_threshold_0.3,MassSpecGymID0179539,0.4193548262119293,30,58
global_threshold_0.3,MassSpecGymID0180533,0.4193548262119293,31,57
global_threshold_0.3,MassSpecGymID0182775,0.2461538463830948,28,53
global_threshold_0.3,MassSpecGymID0185614,0.375,35,42
global_threshold_0.3,MassSpecGymID0194710,0.30000001192092896,86,83
global_threshold_0.3,MassSpecGymID0197823,0.265625,83,79
global_threshold_0.3,MassSpecGymID0197998,0.4000000059604645,44,61
global_threshold_0.3,MassSpecGymID0199840,0.21739129722118378,32,52
global_threshold_0.3,MassSpecGymID0202711,0.36486485600471497,35,66
global_threshold_0.3,MassSpecGymID0202787,0.24561403691768646,54,88
global_threshold_0.3,MassSpecGymID0205123,0.2222222238779068,24,53
global_threshold_0.3,MassSpecGymID0205275,0.390625,39,50
global_threshold_0.3,MassSpecGymID0207476,0.3166666626930237,30,49
global_threshold_0.3,MassSpecGymID0207974,0.29411765933036804,30,58
global_threshold_0.3,MassSpecGymID0208689,0.24637681245803833,37,49
global_threshold_0.3,MassSpecGymID0209540,0.23880596458911896,34,49
global_threshold_0.3,MassSpecGymID0209809,0.25925925374031067,19,49
global_threshold_0.3,MassSpecGymID0210092,0.24242424964904785,28,54
global_threshold_0.3,MassSpecGymID0210306,0.18965516984462738,18,51
global_threshold_0.3,MassSpecGymID0210496,0.23728813230991364,22,51
global_threshold_0.3,MassSpecGymID0210529,0.2777777910232544,36,56
global_threshold_0.3,MassSpecGymID0210816,0.3050847351551056,25,52
global_threshold_0.3,MassSpecGymID0211212,0.3921568691730499,24,47
global_threshold_0.3,MassSpecGymID0211596,0.23728813230991364,24,49
global_threshold_0.3,MassSpecGymID0212010,0.2535211145877838,30,59
global_threshold_0.3,MassSpecGymID0212443,0.28125,34,48
global_threshold_0.3,MassSpecGymID0212530,0.40909090638160706,34,59
global_threshold_0.3,MassSpecGymID0213416,0.38983049988746643,35,47
global_threshold_0.3,MassSpecGymID0214882,0.30263158679008484,38,61
global_threshold_0.3,MassSpecGymID0216198,0.5283018946647644,31,50
global_threshold_0.3,MassSpecGymID0219119,0.29729729890823364,46,50
global_threshold_0.3,MassSpecGymID0219478,0.32926830649375916,39,70
global_threshold_0.3,MassSpecGymID0221613,0.20454545319080353,18,35
global_threshold_0.3,MassSpecGymID0222136,0.23188406229019165,32,53
global_threshold_0.3,MassSpecGymID0222364,0.3965517282485962,30,51
global_threshold_0.3,MassSpecGymID0224157,0.3799999952316284,26,43
global_threshold_0.3,MassSpecGymID0014731,0.7407407164573669,47,47
global_threshold_0.3,MassSpecGymID0027372,0.6478873491287231,52,65
global_threshold_0.3,MassSpecGymID0028445,0.7916666865348816,69,60
global_threshold_0.3,MassSpecGymID0030204,0.7727272510528564,34,44
global_threshold_0.3,MassSpecGymID0037597,0.6507936716079712,48,56
global_threshold_0.3,MassSpecGymID0040046,0.4938271641731262,46,75
global_threshold_0.3,MassSpecGymID0051503,0.7916666865348816,38,48
global_threshold_0.3,MassSpecGymID0052603,0.7654321193695068,65,78
global_threshold_0.3,MassSpecGymID0053008,0.7321428656578064,45,52
global_threshold_0.3,MassSpecGymID0059647,0.6499999761581421,56,76
global_threshold_0.3,MassSpecGymID0064677,0.8775510191917419,49,43
global_threshold_0.3,MassSpecGymID0064693,0.8367347121238708,47,43
global_threshold_0.3,MassSpecGymID0064730,0.8958333134651184,48,43
global_threshold_0.3,MassSpecGymID0076538,0.5820895433425903,49,57
global_threshold_0.3,MassSpecGymID0077268,0.6285714507102966,89,82
global_threshold_0.3,MassSpecGymID0078748,0.6935483813285828,47,58
global_threshold_0.3,MassSpecGymID0078749,0.7096773982048035,48,58
global_threshold_0.3,MassSpecGymID0081356,0.7435897588729858,33,35
global_threshold_0.3,MassSpecGymID0089011,0.84375,56,62
global_threshold_0.3,MassSpecGymID0089970,0.7115384340286255,43,46
global_threshold_0.3,MassSpecGymID0110700,0.7634408473968506,88,76
global_threshold_0.3,MassSpecGymID0110709,0.550000011920929,79,76
global_threshold_0.3,MassSpecGymID0114461,0.7777777910232544,66,78
global_threshold_0.3,MassSpecGymID0114470,0.7777777910232544,66,78
global_threshold_0.3,MassSpecGymID0147565,0.6567164063453674,56,55
global_threshold_0.3,MassSpecGymID0148224,0.5495495200157166,76,96
global_threshold_0.3,MassSpecGymID0154000,0.6761904954910278,94,82
global_threshold_0.3,MassSpecGymID0179793,0.6176470518112183,25,30
global_threshold_0.3,MassSpecGymID0186407,0.5058823823928833,51,77
global_threshold_0.3,MassSpecGymID0189671,0.7021276354789734,83,77
global_threshold_0.3,MassSpecGymID0190452,0.6746987700462341,66,73
global_threshold_0.3,MassSpecGymID0190470,0.6777777671813965,75,76
global_threshold_0.3,MassSpecGymID0194051,0.6962025165557861,63,71
global_threshold_0.3,MassSpecGymID0197193,0.5799999833106995,39,40
global_threshold_0.3,MassSpecGymID0204274,0.5555555820465088,37,47
global_threshold_0.3,MassSpecGymID0204467,0.6530612111091614,37,44
global_threshold_0.3,MassSpecGymID0207523,0.7241379022598267,51,49
global_threshold_0.3,MassSpecGymID0208031,0.7777777910232544,21,27
global_threshold_0.3,MassSpecGymID0209122,0.7049180269241333,49,55
global_threshold_0.3,MassSpecGymID0211629,0.7068965435028076,46,53
global_threshold_0.3,MassSpecGymID0212150,0.5961538553237915,34,49
global_threshold_0.3,MassSpecGymID0214730,0.7291666865348816,38,45
global_threshold_0.3,MassSpecGymID0215032,0.7200000286102295,37,49
global_threshold_0.3,MassSpecGymID0215416,0.5600000023841858,31,47
global_threshold_0.3,MassSpecGymID0219479,0.5641025900840759,52,70
global_threshold_0.3,MassSpecGymID0219485,0.5714285969734192,51,70
global_threshold_0.3,MassSpecGymID0220707,0.782608687877655,39,43
global_threshold_0.3,MassSpecGymID0224158,0.8125,44,43
global_threshold_0.3,MassSpecGymID0225652,0.6721311211585999,51,51
global_threshold_0.3,MassSpecGymID0225795,0.529411792755127,44,60
global_threshold_0.3,MassSpecGymID0000204,0.9459459185600281,37,35
global_threshold_0.3,MassSpecGymID0000215,0.9210526347160339,38,35
global_threshold_0.3,MassSpecGymID0001462,0.9764705896377563,85,83
global_threshold_0.3,MassSpecGymID0005667,1.0,36,36
global_threshold_0.3,MassSpecGymID0012743,0.8452380895614624,79,76
global_threshold_0.3,MassSpecGymID0012984,0.8974359035491943,74,74
global_threshold_0.3,MassSpecGymID0014705,0.7799999713897705,42,47
global_threshold_0.3,MassSpecGymID0014786,0.807692289352417,47,47
global_threshold_0.3,MassSpecGymID0018540,1.0,41,41
global_threshold_0.3,MassSpecGymID0030219,0.7727272510528564,34,44
global_threshold_0.3,MassSpecGymID0034827,0.843137264251709,44,50
global_threshold_0.3,MassSpecGymID0034829,0.8333333134651184,49,50
global_threshold_0.3,MassSpecGymID0034856,0.8653846383094788,47,50
global_threshold_0.3,MassSpecGymID0039319,1.0,90,90
global_threshold_0.3,MassSpecGymID0039780,0.9036144614219666,77,81
global_threshold_0.3,MassSpecGymID0040626,0.875,30,30
global_threshold_0.3,MassSpecGymID0041215,0.948051929473877,76,74
global_threshold_0.3,MassSpecGymID0050419,0.9285714030265808,28,26
global_threshold_0.3,MassSpecGymID0057096,0.9180327653884888,56,61
global_threshold_0.3,MassSpecGymID0071923,0.8333333134651184,50,60
global_threshold_0.3,MassSpecGymID0071936,0.9800000190734863,49,50
global_threshold_0.3,MassSpecGymID0073160,1.0,35,35
global_threshold_0.3,MassSpecGymID0076442,0.9642857313156128,54,56
global_threshold_0.3,MassSpecGymID0079206,0.9259259104728699,50,54
global_threshold_0.3,MassSpecGymID0082615,0.9622641801834106,51,53
global_threshold_0.3,MassSpecGymID0083096,0.875,14,16
global_threshold_0.3,MassSpecGymID0089007,0.8730158805847168,56,62
global_threshold_0.3,MassSpecGymID0096922,0.9487179517745972,39,37
global_threshold_0.3,MassSpecGymID0105076,0.9277108311653137,82,78
global_threshold_0.3,MassSpecGymID0146921,0.9666666388511658,90,87
global_threshold_0.3,MassSpecGymID0148963,0.9818181991577148,55,54
global_threshold_0.3,MassSpecGymID0152459,0.7962962985038757,49,48
global_threshold_0.3,MassSpecGymID0153990,1.0,52,52
global_threshold_0.3,MassSpecGymID0199068,0.7906976938247681,72,82
global_threshold_0.3,MassSpecGymID0203168,0.8840579986572266,62,68
global_threshold_0.3,MassSpecGymID0208049,0.9636363387107849,54,54
global_threshold_0.3,MassSpecGymID0215493,0.936170220375061,45,46
global_threshold_0.3,MassSpecGymID0218115,0.918367326259613,46,48
global_threshold_0.3,MassSpecGymID0219385,0.9855072498321533,68,69
global_threshold_0.3,MassSpecGymID0220012,0.9375,45,48
global_threshold_0.3,MassSpecGymID0221343,0.9833333492279053,60,59
global_threshold_0.3,MassSpecGymID0221368,0.8648648858070374,65,73
global_threshold_0.3,MassSpecGymID0221550,0.9672130942344666,59,61
global_threshold_0.3,MassSpecGymID0221680,0.8305084705352783,50,58
global_threshold_0.3,MassSpecGymID0221882,0.8807339668273926,96,109
global_threshold_0.3,MassSpecGymID0222672,0.9444444179534912,68,72
global_threshold_0.3,MassSpecGymID0223894,0.953125,63,62
global_threshold_0.3,MassSpecGymID0225286,0.9672130942344666,60,60
global_threshold_0.3,MassSpecGymID0225421,1.0,51,51
global_threshold_0.3,MassSpecGymID0225863,0.9791666865348816,48,47
per_bit_f1_thresholds,MassSpecGymID0001903,0.18840579688549042,44,38
per_bit_f1_thresholds,MassSpecGymID0018837,0.15000000596046448,44,48
per_bit_f1_thresholds,MassSpecGymID0018840,0.15294118225574493,50,48
per_bit_f1_thresholds,MassSpecGymID0027378,0.16981132328510284,59,65
per_bit_f1_thresholds,MassSpecGymID0027960,0.16091954708099365,53,48
per_bit_f1_thresholds,MassSpecGymID0058040,0.18309858441352844,27,57
per_bit_f1_thresholds,MassSpecGymID0058077,0.12574850022792816,83,105
per_bit_f1_thresholds,MassSpecGymID0058081,0.1867469847202301,92,105
per_bit_f1_thresholds,MassSpecGymID0059173,0.1304347813129425,60,44
per_bit_f1_thresholds,MassSpecGymID0061350,0.18421052396297455,33,57
per_bit_f1_thresholds,MassSpecGymID0070209,0.15730337798595428,45,58
per_bit_f1_thresholds,MassSpecGymID0076472,0.14102564752101898,32,57
per_bit_f1_thresholds,MassSpecGymID0076664,0.10389610379934311,37,48
per_bit_f1_thresholds,MassSpecGymID0076673,0.10389610379934311,37,48
per_bit_f1_thresholds,MassSpecGymID0105096,0.1366906464099884,80,78
per_bit_f1_thresholds,MassSpecGymID0134807,0.156521737575531,54,79
per_bit_f1_thresholds,MassSpecGymID0135253,0.11184210330247879,101,68
per_bit_f1_thresholds,MassSpecGymID0135257,0.12318840622901917,87,68
per_bit_f1_thresholds,MassSpecGymID0136309,0.1619718372821808,88,77
per_bit_f1_thresholds,MassSpecGymID0136365,0.15322580933570862,66,77
per_bit_f1_thresholds,MassSpecGymID0146901,0.1875,84,87
per_bit_f1_thresholds,MassSpecGymID0154352,0.1411764770746231,39,58
per_bit_f1_thresholds,MassSpecGymID0154792,0.1599999964237213,55,61
per_bit_f1_thresholds,MassSpecGymID0162178,0.12727272510528564,29,33
per_bit_f1_thresholds,MassSpecGymID0162215,0.14705882966518402,45,33
per_bit_f1_thresholds,MassSpecGymID0162310,0.1794871836900711,37,55
per_bit_f1_thresholds,MassSpecGymID0162742,0.11764705926179886,43,52
per_bit_f1_thresholds,MassSpecGymID0179016,0.13684210181236267,39,69
per_bit_f1_thresholds,MassSpecGymID0182450,0.1899999976158142,63,56
per_bit_f1_thresholds,MassSpecGymID0185118,0.11940298229455948,83,67
per_bit_f1_thresholds,MassSpecGymID0186133,0.13861386477947235,62,53
per_bit_f1_thresholds,MassSpecGymID0192057,0.1458333283662796,48,62
per_bit_f1_thresholds,MassSpecGymID0196090,0.18333333730697632,37,34
per_bit_f1_thresholds,MassSpecGymID0198021,0.12925170361995697,89,77
per_bit_f1_thresholds,MassSpecGymID0203443,0.1855670064687729,58,57
per_bit_f1_thresholds,MassSpecGymID0203612,0.1621621549129486,37,49
per_bit_f1_thresholds,MassSpecGymID0204199,0.20000000298023224,42,48
per_bit_f1_thresholds,MassSpecGymID0206523,0.19696970283985138,33,46
per_bit_f1_thresholds,MassSpecGymID0206904,0.15789473056793213,52,58
per_bit_f1_thresholds,MassSpecGymID0208829,0.14864864945411682,33,52
per_bit_f1_thresholds,MassSpecGymID0209913,0.24074074625968933,28,39
per_bit_f1_thresholds,MassSpecGymID0210193,0.1617647111415863,28,51
per_bit_f1_thresholds,MassSpecGymID0211536,0.14018692076206207,67,55
per_bit_f1_thresholds,MassSpecGymID0212722,0.15625,25,49
per_bit_f1_thresholds,MassSpecGymID0213408,0.20895522832870483,31,50
per_bit_f1_thresholds,MassSpecGymID0213789,0.1666666716337204,31,46
per_bit_f1_thresholds,MassSpecGymID0214938,0.1525423675775528,21,47
per_bit_f1_thresholds,MassSpecGymID0215323,0.18867924809455872,18,45
per_bit_f1_thresholds,MassSpecGymID0224184,0.13483145833015442,45,56
per_bit_f1_thresholds,MassSpecGymID0224933,0.14782609045505524,65,67
per_bit_f1_thresholds,MassSpecGymID0032389,0.16949152946472168,30,39
per_bit_f1_thresholds,MassSpecGymID0035475,0.37837839126586914,44,58
per_bit_f1_thresholds,MassSpecGymID0051208,0.4117647111415863,39,57
per_bit_f1_thresholds,MassSpecGymID0051457,0.23188406229019165,28,57
per_bit_f1_thresholds,MassSpecGymID0054352,0.22807016968727112,24,46
per_bit_f1_thresholds,MassSpecGymID0055282,0.1785714328289032,28,38
per_bit_f1_thresholds,MassSpecGymID0070653,0.3333333432674408,32,52
per_bit_f1_thresholds,MassSpecGymID0076053,0.19565217196941376,26,29
per_bit_f1_thresholds,MassSpecGymID0086672,0.20000000298023224,40,38
per_bit_f1_thresholds,MassSpecGymID0126630,0.4845360815525055,74,70
per_bit_f1_thresholds,MassSpecGymID0142449,0.14705882966518402,30,48
per_bit_f1_thresholds,MassSpecGymID0154356,0.3720930218696594,60,58
per_bit_f1_thresholds,MassSpecGymID0157809,0.41025641560554504,52,58
per_bit_f1_thresholds,MassSpecGymID0168902,0.2738095223903656,41,66
per_bit_f1_thresholds,MassSpecGymID0179539,0.49253731966018677,42,58
per_bit_f1_thresholds,MassSpecGymID0180533,0.4769230782985687,39,57
per_bit_f1_thresholds,MassSpecGymID0182775,0.17142857611179352,29,53
per_bit_f1_thresholds,MassSpecGymID0185614,0.37288135290145874,39,42
per_bit_f1_thresholds,MassSpecGymID0194710,0.30000001192092896,86,83
per_bit_f1_thresholds,MassSpecGymID0197823,0.24409449100494385,79,79
per_bit_f1_thresholds,MassSpecGymID0197998,0.3764705955982208,56,61
per_bit_f1_thresholds,MassSpecGymID0199840,0.2705882489681244,56,52
per_bit_f1_thresholds,MassSpecGymID0202711,0.4303797483444214,47,66
per_bit_f1_thresholds,MassSpecGymID0202787,0.2238806039094925,76,88
per_bit_f1_thresholds,MassSpecGymID0205123,0.28985506296157837,36,53
per_bit_f1_thresholds,MassSpecGymID0205275,0.375,49,50
per_bit_f1_thresholds,MassSpecGymID0207476,0.32203391194343567,29,49
per_bit_f1_thresholds,MassSpecGymID0207974,0.2702702581882477,36,58
per_bit_f1_thresholds,MassSpecGymID0208689,0.2266666740179062,43,49
per_bit_f1_thresholds,MassSpecGymID0209540,0.26249998807907104,52,49
per_bit_f1_thresholds,MassSpecGymID0209809,0.2380952388048172,29,49
per_bit_f1_thresholds,MassSpecGymID0210092,0.24285714328289032,33,54
per_bit_f1_thresholds,MassSpecGymID0210306,0.1551724076271057,16,51
per_bit_f1_thresholds,MassSpecGymID0210496,0.22727273404598236,30,51
per_bit_f1_thresholds,MassSpecGymID0210529,0.31168830394744873,45,56
per_bit_f1_thresholds,MassSpecGymID0210816,0.265625,29,52
per_bit_f1_thresholds,MassSpecGymID0211212,0.4035087823867798,33,47
per_bit_f1_thresholds,MassSpecGymID0211596,0.21875,29,49
per_bit_f1_thresholds,MassSpecGymID0212010,0.2702702581882477,35,59
per_bit_f1_thresholds,MassSpecGymID0212443,0.25609755516052246,55,48
per_bit_f1_thresholds,MassSpecGymID0212530,0.44594594836235046,48,59
per_bit_f1_thresholds,MassSpecGymID0213416,0.36764705181121826,46,47
per_bit_f1_thresholds,MassSpecGymID0214882,0.26249998807907104,40,61
per_bit_f1_thresholds,MassSpecGymID0216198,0.5263158082962036,37,50
per_bit_f1_thresholds,MassSpecGymID0219119,0.2976190447807312,59,50
per_bit_f1_thresholds,MassSpecGymID0219478,0.2631579041481018,50,70
per_bit_f1_thresholds,MassSpecGymID0221613,0.19565217196941376,20,35
per_bit_f1_thresholds,MassSpecGymID0222136,0.2933333218097687,44,53
per_bit_f1_thresholds,MassSpecGymID0222364,0.3870967626571655,35,51
per_bit_f1_thresholds,MassSpecGymID0224157,0.3870967626571655,43,43
per_bit_f1_thresholds,MassSpecGymID0014731,0.7924528121948242,48,47
per_bit_f1_thresholds,MassSpecGymID0027372,0.6024096608161926,68,65
per_bit_f1_thresholds,MassSpecGymID0028445,0.7368420958518982,72,60
per_bit_f1_thresholds,MassSpecGymID0030204,0.782608687877655,38,44
per_bit_f1_thresholds,MassSpecGymID0037597,0.6086956262588501,55,56
per_bit_f1_thresholds,MassSpecGymID0040046,0.43157893419265747,61,75
per_bit_f1_thresholds,MassSpecGymID0051503,0.7799999713897705,41,48
per_bit_f1_thresholds,MassSpecGymID0052603,0.6595744490623474,78,78
per_bit_f1_thresholds,MassSpecGymID0053008,0.6935483813285828,53,52
per_bit_f1_thresholds,MassSpecGymID0059647,0.7023809552192688,67,76
per_bit_f1_thresholds,MassSpecGymID0064677,0.8269230723381042,52,43
per_bit_f1_thresholds,MassSpecGymID0064693,0.7924528121948242,52,43
per_bit_f1_thresholds,MassSpecGymID0064730,0.7962962985038757,54,43
per_bit_f1_thresholds,MassSpecGymID0076538,0.5633803009986877,54,57
per_bit_f1_thresholds,MassSpecGymID0077268,0.6083333492279053,111,82
per_bit_f1_thresholds,MassSpecGymID0078748,0.6521739363670349,56,58
per_bit_f1_thresholds,MassSpecGymID0078749,0.6666666865348816,52,58
per_bit_f1_thresholds,MassSpecGymID0081356,0.6829268336296082,34,35
per_bit_f1_thresholds,MassSpecGymID0089011,0.8333333134651184,59,62
per_bit_f1_thresholds,MassSpecGymID0089970,0.6101694703102112,49,46
per_bit_f1_thresholds,MassSpecGymID0110700,0.704081654548645,91,76
per_bit_f1_thresholds,MassSpecGymID0110709,0.5809524059295654,90,76
per_bit_f1_thresholds,MassSpecGymID0114461,0.7303370833396912,76,78
per_bit_f1_thresholds,MassSpecGymID0114470,0.7386363744735718,75,78
per_bit_f1_thresholds,MassSpecGymID0147565,0.5822784900665283,70,55
per_bit_f1_thresholds,MassSpecGymID0148224,0.4961240291595459,97,96
per_bit_f1_thresholds,MassSpecGymID0154000,0.5151515007019043,118,82
per_bit_f1_thresholds,MassSpecGymID0179793,0.5526315569877625,29,30
per_bit_f1_thresholds,MassSpecGymID0186407,0.4845360815525055,67,77
per_bit_f1_thresholds,MassSpecGymID0189671,0.6600000262260437,89,77
per_bit_f1_thresholds,MassSpecGymID0190452,0.6136363744735718,69,73
per_bit_f1_thresholds,MassSpecGymID0190470,0.6262626051902771,85,76
per_bit_f1_thresholds,MassSpecGymID0194051,0.746835470199585,67,71
per_bit_f1_thresholds,MassSpecGymID0197193,0.6200000047683716,41,40
per_bit_f1_thresholds,MassSpecGymID0204274,0.5438596606254578,41,47
per_bit_f1_thresholds,MassSpecGymID0204467,0.6078431606292725,38,44
per_bit_f1_thresholds,MassSpecGymID0207523,0.6984127163887024,58,49
per_bit_f1_thresholds,MassSpecGymID0208031,0.6363636255264282,27,27
per_bit_f1_thresholds,MassSpecGymID0209122,0.6376811861991882,58,55
per_bit_f1_thresholds,MassSpecGymID0211629,0.6323529481887817,58,53
per_bit_f1_thresholds,MassSpecGymID0212150,0.5384615659713745,51,49
per_bit_f1_thresholds,MassSpecGymID0214730,0.625,46,45
per_bit_f1_thresholds,MassSpecGymID0215032,0.6851851940155029,42,49
per_bit_f1_thresholds,MassSpecGymID0215416,0.6274510025978088,36,47
per_bit_f1_thresholds,MassSpecGymID0219479,0.554347813129425,73,70
per_bit_f1_thresholds,MassSpecGymID0219485,0.5604395866394043,72,70
per_bit_f1_thresholds,MassSpecGymID0220707,0.8085106611251831,42,43
per_bit_f1_thresholds,MassSpecGymID0224158,0.6428571343421936,49,43
per_bit_f1_thresholds,MassSpecGymID0225652,0.7457627058029175,52,51
per_bit_f1_thresholds,MassSpecGymID0225795,0.4933333396911621,52,60
per_bit_f1_thresholds,MassSpecGymID0000204,0.8974359035491943,39,35
per_bit_f1_thresholds,MassSpecGymID0000215,0.8974359035491943,39,35
per_bit_f1_thresholds,MassSpecGymID0001462,0.8350515365600586,95,83
per_bit_f1_thresholds,MassSpecGymID0005667,0.9729729890823364,37,36
per_bit_f1_thresholds,MassSpecGymID0012743,0.7931034564971924,80,76
per_bit_f1_thresholds,MassSpecGymID0012984,0.8235294222831726,81,74
per_bit_f1_thresholds,MassSpecGymID0014705,0.849056601524353,51,47
per_bit_f1_thresholds,MassSpecGymID0014786,0.8679245114326477,52,47
per_bit_f1_thresholds,MassSpecGymID0018540,0.9512194991111755,39,41
per_bit_f1_thresholds,MassSpecGymID0030219,0.8085106611251831,41,44
per_bit_f1_thresholds,MassSpecGymID0034827,0.7636363506317139,47,50
per_bit_f1_thresholds,MassSpecGymID0034829,0.8392857313156128,53,50
per_bit_f1_thresholds,MassSpecGymID0034856,0.8679245114326477,49,50
per_bit_f1_thresholds,MassSpecGymID0039319,0.957446813583374,94,90
per_bit_f1_thresholds,MassSpecGymID0039780,0.7765957713127136,86,81
per_bit_f1_thresholds,MassSpecGymID0040626,0.7777777910232544,34,30
per_bit_f1_thresholds,MassSpecGymID0041215,0.9113923907279968,77,74
per_bit_f1_thresholds,MassSpecGymID0050419,0.9629629850387573,27,26
per_bit_f1_thresholds,MassSpecGymID0057096,0.8709677457809448,55,61
per_bit_f1_thresholds,MassSpecGymID0071923,0.8064516186714172,52,60
per_bit_f1_thresholds,MassSpecGymID0071936,0.9215686321258545,48,50
per_bit_f1_thresholds,MassSpecGymID0073160,0.9714285731315613,34,35
per_bit_f1_thresholds,MassSpecGymID0076442,0.9642857313156128,54,56
per_bit_f1_thresholds,MassSpecGymID0079206,0.8813559412956238,57,54
per_bit_f1_thresholds,MassSpecGymID0082615,0.9444444179534912,52,53
per_bit_f1_thresholds,MassSpecGymID0083096,0.8823529481887817,16,16
per_bit_f1_thresholds,MassSpecGymID0089007,0.84375,56,62
per_bit_f1_thresholds,MassSpecGymID0096922,0.925000011920929,40,37
per_bit_f1_thresholds,MassSpecGymID0105076,0.8941176533699036,83,78
per_bit_f1_thresholds,MassSpecGymID0146921,0.8958333134651184,95,87
per_bit_f1_thresholds,MassSpecGymID0148963,0.9298245906829834,56,54
per_bit_f1_thresholds,MassSpecGymID0152459,0.8181818127632141,52,48
per_bit_f1_thresholds,MassSpecGymID0153990,0.8666666746139526,60,52
per_bit_f1_thresholds,MassSpecGymID0199068,0.791208803653717,81,82
per_bit_f1_thresholds,MassSpecGymID0203168,0.8648648858070374,70,68
per_bit_f1_thresholds,MassSpecGymID0208049,0.8813559412956238,57,54
per_bit_f1_thresholds,MassSpecGymID0215493,0.8999999761581421,49,46
per_bit_f1_thresholds,MassSpecGymID0218115,0.9200000166893005,48,48
per_bit_f1_thresholds,MassSpecGymID0219385,0.9583333134651184,72,69
per_bit_f1_thresholds,MassSpecGymID0220012,0.9791666865348816,47,48
per_bit_f1_thresholds,MassSpecGymID0221343,0.9365079402923584,63,59
per_bit_f1_thresholds,MassSpecGymID0221368,0.8734177350997925,75,73
per_bit_f1_thresholds,MassSpecGymID0221550,0.9076923131942749,63,61
per_bit_f1_thresholds,MassSpecGymID0221680,0.8030303120613098,61,58
per_bit_f1_thresholds,MassSpecGymID0221882,0.8080000281333923,117,109
per_bit_f1_thresholds,MassSpecGymID0222672,0.9324324131011963,71,72
per_bit_f1_thresholds,MassSpecGymID0223894,0.9682539701461792,62,62
per_bit_f1_thresholds,MassSpecGymID0225286,0.9677419066429138,62,60
per_bit_f1_thresholds,MassSpecGymID0225421,0.9444444179534912,54,51
per_bit_f1_thresholds,MassSpecGymID0225863,0.9591836929321289,49,47
