target_smiles,target_inchi_key,num_predictions,exact_match_top1,exact_match_top10,tanimoto_top1,tanimoto_top10,tanimoto_mean,spec_name,fingerprint_source,oracle_conditioning_tanimoto,baseline_mist_tanimoto,baseline_exact_match_top1,baseline_exact_match_top10,baseline_tanimoto_top1,baseline_tanimoto_top10,baseline_outcome_bucket,baseline_shard,proposal_smiles,proposal_source,formula_matches_collected,total_generated,total_valid,total_formula_matched,generation_time,wall_time,oracle_top_prediction_smiles
CC(C)CC(C(=O)N1CCCC1C(=O)NC(CS)C(=O)NC(CC(=O)N)C(=O)OC(=O)OC(C)(C)C)NC(=O)CN,UTGUKTQOTCXQJK,10,0.0,0.0,0.5421686768531799,0.5421686768531799,0.4089972674846649,MassSpecGymID0372970,oracle_ground_truth,1.0,0.0816326513886451,0.0,0.0,0.0617283955216407,0.1199999973177909,no_exact_low_tanimoto,shard_031,CC(C)CC(NC(=N)N)C(=O)N1CCCC1C(=O)OONC(CS)C(=O)N1CCCC1C(=O)OC(=O)OC(C)(C)C,oracle_formula,10,100,99,10,52.76318573951721,52.931389808654785,"['CC(C)CC(NC(=N)N)C(=O)N1CCCC1C(=O)OONC(CS)C(=O)N1CCCC1C(=O)OC(=O)OC(C)(C)C', 'CC(C)CC(NC(=N)N)C(=O)N1CCC[C@H]1C(O)=N[C@@H](CS)C(=O)OC(=O)[C@H](C)C(=O)NCOC(=O)OC(C)(C)C', 'CC(C)CC(NC(=O)N=O)C(=O)N1CCCC1C(O)=NC(CNC(CS)C(=O)CC(=O)CN)OC(=O)OC(C)(C)C', 'CC(C)C[C@H](NC(=N)N)C(=O)N1CCC[C@@H]1C(=O)OCCCOOC(=O)OC(=O)C(CS)[C@@H]1CCCN1C(=O)CN', 'CC(C)CC(NC(=COCN=O)CC(=O)OC(C)(C)C)C(=O)OC(=O)C(CS)C(=O)N1CCCC1NNC(=O)CN']"
CC1=CC=C(C=C1)OCC2=NN=C(N2C3CCCC3)SC4C(C(C(C(O4)COC(=O)C)OC(=O)C)OC(=O)C)NC(=O)C,DAXZWJMEKUNRCD,10,1.0,1.0,1.0,1.0,0.6899257123470306,MassSpecGymID0388215,oracle_ground_truth,1.0,0.1774193495512008,0.0,0.0,0.1040000021457672,0.1138211414217948,no_exact_low_tanimoto,shard_034,CC(=O)N[C@H]1C(Sc2nnc(COc3ccc(C)cc3)n2C2CCCC2)O[C@H](COC(C)=O)[C@H](OC(C)=O)[C@@H]1OC(C)=O,oracle_formula,10,100,100,8,32.24813151359558,32.4235565662384,"['CC(=O)N[C@H]1C(Sc2nnc(COc3ccc(C)cc3)n2C2CCCC2)O[C@H](COC(C)=O)[C@H](OC(C)=O)[C@@H]1OC(C)=O', 'CC(=O)NC1C(COC(C)=O)OC(Sc2nnc(COc3ccc(C)cc3)n2C2CCCC2)C(OC(C)=O)C1OC(C)=O', 'CC(=O)OC[C@H]1O[C@H](Sc2nnc(COc3ccc(C)cc3)n2C2CCCC2)[C@H](NOC=O)[C@@H](OC(C)=O)[C@@H]1OC(C)=O', 'CC(=O)OC[C@H]1O[C@@H](Sc2nnc(COc3ccc(C)cc3)n2C2CCC2)[C@H](NC=O)[C@H](OC(C)=O)[C@@H]1OC(C)=O', 'CC(=O)NC(COc1ccc(C)cc1)c1nnc(S[C@@H]2O[C@H](COC(C)=O)[C@@H](OC(C)=O)[C@H]2OC(C)=O)n1C1CCCC1']"
CCN1CC2(CCC(C34C2CC(C31)(C5(CC(C6CC4C5(C6OC)O)OC)O)O)OC)OC(=O)C7=CC=CC=C7NC(=O)C,XTSVKUJYTUPYRJ,10,0.0,0.0,0.6304348111152649,0.6304348111152649,0.5634931862354279,MassSpecGymID0341761,oracle_ground_truth,1.0,0.1544715464115142,0.0,0.0,0.1120000034570694,0.1209677383303642,no_exact_low_tanimoto,shard_029,CCN1C[C@]2(OC(=O)c3ccccc3NC(C)=O)CC[C@H](OC)[C@]34[C@@H]1[C@H](C[C@@H]23)[C@@H]1[C@@H]4C[C@H](OC)[C@@]2(O)[C@H](OC)C[C@@]12O,oracle_formula,10,100,100,2,33.367658376693726,33.5280339717865,"['CCN1C[C@]2(OC(=O)c3ccccc3NC(C)=O)CC[C@H](OC)[C@]34[C@@H]1[C@H](C[C@@H]23)[C@@H]1[C@@H]4C[C@H](OC)[C@@]2(O)[C@H](OC)C[C@@]12O', 'CCN1C[C@]2(OC(=O)c3ccccc3NC(C)=O)CC[C@H](OC)[C@]34C5C(C(C)=O)C[C@@](O)(C5OC)[C@@](O)(CC13)C[C@@H]24', 'CCN1C[C@]2(OC(=O)c3ccccc3NC(C)=O)CC[C@H](OC)[C@@]34C1[C@H](C[C@@H]23)[C@]1(O)C[C@H]4[C@@]2(O)C[C@H](OC)[C@H]1[C@H]2OC', 'CCN1C[C@@]2(OC)CC[C@H](OC)[C@]34C1[C@H](C[C@@H]23)[C@@]1(OC(=O)c2ccccc2NC(C)=O)[C@@H]4[C@@H]2C[C@@H](OC)[C@]1(O)C[C@H]2OC', 'CCN1C[C@]2(OC(=O)c3ccccc3NC(C)=O)CCC(OC)C34C5CC(OC)C2(O)C3CCC(O)(C14)C5(O)CO']"
CN1CC2(C(CC(C34C2C(C(C31)C5(C6C4CC(C6OC(=O)C7=CC=CC=C7)(C(C5O)OC)O)O)OC)OC)O)COC,PULWZCUZNRVAHT,10,0.0,0.0,0.5862069129943848,0.5862069129943848,0.47821004688739777,MassSpecGymID0347534,oracle_ground_truth,1.0,0.1578947305679321,0.0,0.0,0.1317829489707946,0.1615384668111801,no_exact_low_tanimoto,shard_029,COC[C@]12CN(C)C3C([C@H]1[C@H](OC)[C@H](OC)[C@H]2O)[C@@]1(O)C2[C@H](OC)C24C(OC)CC34C(OC(=O)c2ccccc2)[C@H]1O,oracle_formula,10,100,100,8,33.312934160232544,33.485755443573,"['COC[C@]12CN(C)C3C([C@H]1[C@H](OC)[C@H](OC)[C@H]2O)[C@@]1(O)C2[C@H](OC)C24C(OC)CC34C(OC(=O)c2ccccc2)[C@H]1O', 'COC[C@]12CN(C)[C@@H]3[C@H]1[C@]14[C@@H]5[C@@H](O)[C@H](OC(=O)c6ccccc6)[C@H](C[C@@]3(O)[C@@H](OC)[C@@H](C[C@@H]1O)[C@@H](OC)[C@H]24)[C@@H]5OC', 'COCC12CN(C)[C@H]3C1C(OC)[C@@H](O)CC2C31C2C(O)[C@H](OC)C(O)([C@@H]2OC)[C@@H](OC)[C@H]1OC(=O)c1ccccc1', 'COC[C@]12CN(C)C3C4[C@H]1C([C@@H](O)C[C@H]4OC(=O)c1ccccc1)C31[C@@H]3C(OC)[C@H](O)C(O)([C@@H](OC)[C@H]3[C@@H]1O)[C@@H]2OC', 'COCC12CN(C)C3C(OC(=O)c4ccccc4)C1C14C(OC)CC(O)C1(C1C(OC)C(OC)C1C(O)C4O)C3C2O']"
CC(C(=O)N1CCC2=C(C1)NC3=CC=CC=C23)NC4=CC=C5C(=CC4=O)C(CCC6=CC(=C(C(=C65)OC)OC)OC)NC(=O)C,YIIKPFWLWYKDPH,10,0.0,0.0,0.8045976758003235,0.8045976758003235,0.5168929040431977,MassSpecGymID0380322,oracle_ground_truth,1.0,0.2727272808551788,0.0,0.0,0.2540983557701111,0.264462798833847,no_exact_low_tanimoto,shard_032,COc1cc2c(c(OC)c1OC)-c1ccc(N[C@@H](C)C(=O)N3CCc4[nH]c5ccccc5c4C3)c(=O)cc1[C@@H](NC(C)=O)C2,oracle_formula,10,100,100,1,30.083088397979736,30.2354679107666,"['COc1cc2c(c(OC)c1OC)-c1ccc(N[C@@H](C)C(=O)N3CCc4[nH]c5ccccc5c4C3)c(=O)cc1[C@@H](NC(C)=O)C2', 'COc1ccc(N[C@@H](C)C(=O)N2CCc3c([nH]c4ccccc34)C2)c(OC)c1OC', 'COc1cc2c(c(OC)c1OC)[C@H](NC(C)=O)C(=O)c1cc(N[C@@H](C)C(=O)N3CCc4[nH]c5ccccc5c4C3)ccc1C2', 'COc1ccc(NC(C)C(=O)N2CCc3[nH]c4ccccc4c3C2)c(OC)c1OC', 'COc1ccccc1NC(C)C(=O)N1CCc2[nH]c3ccccc3c2CC1']"
CCOC(=O)C1CCN(CC1)S(=O)(=O)C2=CC3=C(C=C2)OCC4=C3ON=C4,NLJPIBKRLGVNLY,10,1.0,1.0,1.0,1.0,0.7416225671768188,MassSpecGymID0208832,oracle_ground_truth,1.0,0.2359550595283508,0.0,0.0,0.2325581461191177,0.2325581461191177,no_exact_low_tanimoto,shard_014,CCOC(=O)C1CCN(S(=O)(=O)c2ccc3c(c2)-c2oncc2CO3)CC1,oracle_formula,10,100,100,39,14.476750373840332,14.620853424072266,"['CCOC(=O)C1CCN(S(=O)(=O)c2ccc3c(c2)-c2oncc2CO3)CC1', 'CCOC(=O)C1CCN(S(=O)(=O)c2ccc3c(c2)-c2cnoc2CO3)CC1', 'CCOC(=O)C1CCN(S(=O)(=O)c2ccc3c(c2)-c2oncc2CO[CH-]3)CC1', 'CCOC(=O)C1CCN(S(=O)(=O)c2ccc3c(c2)-c2cnoc2-3)CC1', 'CCOC(=O)C1CCN(S(=O)(=O)c2ccc3c(c2)Cc2cnoc2CO3)CC1']"
CC1=C(C(=O)OC2=C1C=CC(=C2CN3CC4CC(C3)C5=CC=CC(=O)N5C4)O)CC6=CC=CC=C6,DHCSEHRBYOAURX,10,1.0,1.0,1.0,1.0,0.7765393853187561,MassSpecGymID0383008,oracle_ground_truth,1.0,0.2469135820865631,0.0,0.0,0.1428571492433548,0.1720430105924606,no_exact_low_tanimoto,shard_033,Cc1c(Cc2ccccc2)c(=O)oc2c(CN3C[C@H]4C[C@@H](C3)c3cccc(=O)n3C4)c(O)ccc12,oracle_formula,10,100,100,14,18.342485666275024,18.496824264526367,"['Cc1c(Cc2ccccc2)c(=O)oc2c(CN3C[C@H]4C[C@@H](C3)c3cccc(=O)n3C4)c(O)ccc12', 'Cc1c(CN2C[C@@H]3C[C@@H](C2)c2cccc(=O)n2C3)c(=O)oc2c(Cc3ccccc3)c(O)ccc12', 'Cc1c(CN2C[C@@H]3C[C@@H](C2)c2cccc(=O)n2C3)c(=O)oc2c(C)c(Cc3ccccc3)c(O)cc12', 'Cc1c(CN2C[C@@H]3C[C@H](C2)c2cccc(=O)n2C3)c(=O)oc2c(C)c(O)ccc12', 'Cc1c(Cc2ccccc2)c(=O)oc2c(N3CC4CC(C3)c3cccc(=O)n3C4)c(O)ccc12']"
CC1=C(SC(=N1)C2=CC=CC=C2)C(=O)NCC3CCCN4C3CCCC4,CDDYZYIBFIQEGM,10,1.0,1.0,1.0,1.0,0.7012680485844612,MassSpecGymID0380040,oracle_ground_truth,1.0,0.2535211145877838,0.0,0.0,0.1927710771560669,0.1927710771560669,no_exact_low_tanimoto,shard_032,Cc1nc(-c2ccccc2)sc1C(=O)NC[C@@H]1CCCN2CCCC[C@H]12,oracle_formula,10,100,100,28,11.582956075668335,11.73125410079956,"['Cc1nc(-c2ccccc2)sc1C(=O)NC[C@@H]1CCCN2CCCC[C@H]12', 'Cc1nc(-c2ccccc2)sc1C(=O)NCC1CCCN2CCCCCC12', 'Cc1nc(-c2ccccc2)sc1C(=O)NC[C@H]1CCCC[C@@H]1N1CCCC1', 'Cc1nc(-c2ccccc2)sc1C(=O)NC[C@H]1CCC[C@H]1N1CCCC1', 'Cc1nc(-c2ccccc2)sc1C(=O)NC1CCCN2CCCCCC12']"
CCOC(=O)N1CCN(CC1)C(=O)CCCNC2=CC=C3C(=CC2=O)C(CCC4=CC(=C(C(=C43)OC)OC)OC)NC(=O)C,SJHHSDDZARIHAT,10,1.0,1.0,1.0,1.0,0.8207559943199157,MassSpecGymID0379306,oracle_ground_truth,1.0,0.5436893105506897,0.0,0.0,0.2096774131059646,0.2782608568668365,no_exact_low_tanimoto,shard_032,CCOC(=O)N1CCN(C(=O)CCCNc2ccc3c(cc2=O)[C@H](NC(C)=O)CCc2cc(OC)c(OC)c(OC)c2-3)CC1,oracle_formula,10,100,100,7,30.767275094985962,30.921963214874268,"['CCOC(=O)N1CCN(C(=O)CCCNc2ccc3c(cc2=O)[C@H](NC(C)=O)CCc2cc(OC)c(OC)c(OC)c2-3)CC1', 'CCOC(=O)N1CCN(C(=O)CCCNc2ccc3c(cc2=O)[C@@H](NNC(C)=O)CCc2cc(OC)c(OC)c(OC)c2-3)CC1', 'CCOC(=O)N1CCN(C(=O)CCCNc2ccc3c(cc2=O)C(NC(C)=O)Cc2cc(OC)c(OC)c(OC)c2-3)CC1', 'CCOC(=O)N1CCN(C(=O)CCCNc2ccc3c(cc2=O)[C@H](N[Te]C(C)=O)CCc2cc(OC)c(OC)c(OC)c2-3)CC1', 'CCOC(=O)N1CCN(C(=O)CCCNc2ccc3c(cc2=O)CC[C@@H](NC(C)=O)c2cc(OC)c(OC)c(OC)c2-3)CC1']"
CC(=CCCC(C)(C1CCC2(C1C(CC3C2(CC(C4C3(CCC(C4(C)C)O)C)OC5C(C(C(C(O5)CO)O)O)OC6C(C(C(CO6)O)O)O)C)O)C)O)C,FNIRVWPHRMMRQI,10,1.0,1.0,1.0,1.0,0.7213872194290161,MassSpecGymID0346101,oracle_ground_truth,1.0,0.5566037893295288,0.0,0.0,0.5784313678741455,0.5784313678741455,no_exact_medium_tanimoto,shard_029,CC(C)=CCC[C@](C)(O)[C@H]1CC[C@]2(C)[C@H]1[C@@H](O)C[C@@H]1[C@@]3(C)CC[C@H](O)C(C)(C)[C@@H]3[C@@H](O[C@H]3O[C@H](CO)[C@@H](O)[C@@H](O)[C@@H]3O[C@@H]3OC[C@H](O)[C@H](O)[C@H]3O)C[C@]12C,oracle_formula,10,96,95,12,34.238956928253174,34.408791303634644,"['CC(C)=CCC[C@](C)(O)[C@H]1CC[C@]2(C)[C@H]1[C@@H](O)C[C@@H]1[C@@]3(C)CC[C@H](O)C(C)(C)[C@@H]3[C@@H](O[C@H]3O[C@H](CO)[C@@H](O)[C@@H](O)[C@@H]3O[C@@H]3OC[C@H](O)[C@H](O)[C@H]3O)C[C@]12C', 'CC(C)=CCC[C@@](C)(O)[C@H]1CC[C@]2(C)[C@@H]1[C@H](O[C@@H]1O[C@H](CO)[C@@H](O)[C@H](O)[C@@H]1O[C@@H]1OC[C@@H](O)[C@H](O)[C@H]1O)C[C@H]1[C@@]3(C)CC[C@H](O)C(C)(C)[C@@H]3[C@@H](O)C[C@]12C', 'CC(C)=CCCC(C)(O)C1CCC2(C)C1C(O)CC(OC1OC(CO)C(O)C(O)C1OC1OCC(O)C(O)C1O)C1C3(C)CCC(O)C(C)(C)C3CC12C', 'CC(C)=CCC[C@](C)(O)[C@H]1CC[C@]2(C)[C@@H]1[C@H](O)C[C@@H]1[C@@]3(C)CC[C@H](O[C@@H]4O[C@H](CO)[C@@H](O)[C@@H](O)[C@H]4O[C@@H]4OC[C@@H](O)[C@H](O)[C@H]4O)C(C)(C)[C@@H]3[C@H](O)C[C@]12C', 'CC(C)=CCC[C@@](C)(O)[C@H]1CC[C@]2(C)[C@@H]3[C@H](O)C[C@@]4(C)CC[C@H](O)C(C)(C)[C@@H]4[C@@H](O[C@@H]4O[C@@H](CO)[C@@H](O)[C@H](O)[C@H]4O[C@@H]4OC[C@@H](O)[C@H](O)[C@H]4O)C[C@]3(C)[C@@H]12']"
C1=CC(=C(C=C1F)CS(=O)(=O)NC2=CC3=CC=NN3C=C2)F,USEFEKIFGMLTIB,10,1.0,1.0,1.0,1.0,0.608160737156868,MassSpecGymID0203740,oracle_ground_truth,1.0,0.4677419364452362,1.0,1.0,1.0,1.0,exact_top1,shard_012,O=S(=O)(Cc1cc(F)ccc1F)Nc1ccn2nccc2c1,oracle_formula,10,93,86,29,8.413086175918579,8.552000284194946,"['O=S(=O)(Cc1cc(F)ccc1F)Nc1ccn2nccc2c1', 'O=S(=O)(Cc1ccc(F)c(F)c1)Nc1ccn2nccc2c1', 'O=S(=O)(Cc1cc(F)cc(F)c1)Nc1ccn2nccc2c1', 'O=S(=O)(Cc1cc(F)ccc1F)Nc1ccn2ccnc2c1', 'O=S(=O)(Cc1cc(F)ccc1F)Nc1ccc2nccn2c1']"
CC(=O)NC1CCC2=CC(=C(C(=C2C3=CC=C(C(=O)C=C13)NC(CCSC)C(=O)N4CCCC4C5=C(C=C(C=C5)OC)OC)OC)OC)OC,ULRPKNXAJVTGHF,10,0.0,0.0,0.8222222328186035,0.8222222328186035,0.7636131823062897,MassSpecGymID0380514,oracle_ground_truth,1.0,0.5688073635101318,0.0,0.0,0.3934426307678222,0.3934426307678222,no_exact_low_tanimoto,shard_032,COc1ccc([C@H]2CCCN2C(=O)[C@@H](CCSC)Nc2ccc3c(cc2=O)C(C=O)CCc2cc(OC)c(OC)c(OC)c2-3)c(OC)c1,oracle_formula,10,100,100,2,31.5365309715271,31.700512886047363,"['COc1ccc([C@H]2CCCN2C(=O)[C@@H](CCSC)Nc2ccc3c(cc2=O)C(C=O)CCc2cc(OC)c(OC)c(OC)c2-3)c(OC)c1', 'CN[C@H]1Cc2cc(OC)c(OC)c(OC)c2-c2ccc(N[C@@H](CCSC)C(=O)N3CCC[C@@H]3c3ccc(OC)cc3OC)c(=O)cc21', 'CNSC1CCc2cc(OC)c(OC)c(OC)c2-c2ccc(N[C@@H](CCSC)C(=O)N3CCC[C@H]3c3ccc(OC)cc3OC)c(=O)cc21', 'COc1ccc(C2CCCN2C(=O)C(CCSC)Nc2ccc3c(cc2=O)C(C(C)=O)Cc2cc(OC)c(OC)c(OC)c2-3)c(OC)c1', 'COc1ccc(C2CCCN2C(=O)C(CCSC)Nc2ccc3c(cc2=O)N([O])CCc2cc(OC)c(OC)c(OC)c2-3)c(OC)c1']"
CCN1CC2(C(CC(C34C2C(C(C31)C5(C6C4CC(C6OC(=O)C7=CC=CC=C7)(C(C5O)OC)O)OC(=O)C)OC)OC)O)COC,XFSBVAOIAHNAPC,10,0.0,0.0,0.6063829660415649,0.6063829660415649,0.5499128043651581,MassSpecGymID0105109,oracle_ground_truth,1.0,0.6489361524581909,0.0,0.0,0.3220339119434356,0.3220339119434356,no_exact_low_tanimoto,shard_006,CCN1C[C@]2(COC)[C@H](O)CC(OC)C34C5C(OC)[C@@]6(O)C7C(C[C@](O)(C3C7OC)[C@@H]2C(OC(=O)c2ccccc2)C14)C56,oracle_formula,10,100,100,2,39.07900047302246,39.24989867210388,"['CCN1C[C@]2(COC)[C@H](O)CC(OC)C34C5C(OC)[C@@]6(O)C7C(C[C@](O)(C3C7OC)[C@@H]2C(OC(=O)c2ccccc2)C14)C56', 'CCN1CC2(COC)C(O)CC(OC)C34C(O)C(CC5(C(OC(C)=O)C5C3OC(=O)c3ccccc3)C2C1O)C(OC)C4O', 'CCN1C[C@]2(COC)[C@H](O)C[C@H](OC)[C@]34C1[C@H]([C@H](OC(=O)c1ccccc1)[C@H]23)[C@H]1C[C@@H]2[C@H](OC)[C@@H]([C@@H]4C[C@H]2OC)[C@](O)(COC)O1', 'CCN1C[C@]2(COC)[C@H](O)C[C@H](OC)[C@]34C1[C@H](OC)[C@H]3[C@@]1(O)CCC[C@@H](OC(C)=O)[C@@H]([C@H](OC(=O)c3ccccc3)[C@H]14)[C@H]2O', 'CCN1C[C@]2(COC)[C@H](O)C[C@H](OC(=O)c3ccccc3)[C@@H]3[C@H]([C@@H]4C[C@@]5(OC)C[C@@H](OC)[C@]3(OC(C)=O)[C@@H](O)[C@@H]4[C@H]5O)[C@@H](OC)[C@H]12']"
CCN1CCC2(CC1)COC3=C2C=C4C(=C3)CCN4C(=O)C5=CC=C(C=C5)C6=C(C=C(C=C6)C7=NN=C(O7)C)C,WXAKEEQOWUHGCI,10,0.0,0.0,0.9428571462631226,0.9428571462631226,0.6721377849578858,MassSpecGymID0081883,oracle_ground_truth,1.0,0.7283950448036194,0.0,0.0,0.5632184147834778,0.7837837934494019,no_exact_medium_tanimoto,shard_006,CCN1CCC2(CC1)COc1cc3c(cc12)CCN3C(=O)c1ccc(-c2ccc(-c3nnc(C)o3)cc2C)cc1,oracle_formula,10,76,65,16,16.4628164768219,16.6127610206604,"['CCN1CCC2(CC1)COc1cc3c(cc12)CCN3C(=O)c1ccc(-c2ccc(-c3nnc(C)o3)cc2C)cc1', 'CCN1CCC2(CC1)COc1cc(-c3ccc(C(=O)N4CCc5cc(-c6nnc(C)o6)ccc54)cc3)c(C)cc12', 'CCN1CCC2(CC1)COc1cc(C)c(-c3ccc4c(c3)N(C(=O)c3ccc(-c5nnc(C)o5)cc3)CC4)cc12', 'CCN1CCC2(CC1)COc1cc(C)c(-c3ccc4c(c3)CCN4C(=O)c3ccc(-c4nnc(C)o4)cc3)cc12', 'CCN1CCC2(CC1)Oc1cc(C)c(-c3cc4c(cc3C)CCN4C(=O)c3ccc(-c4nnc(C)o4)cc3)cc12']"
C[C@H]1[C@@H]([C@H]([C@H]([C@@H](O1)O[C@@H]2[C@H]([C@@H](O[C@@H]([C@H]2OC(=O)/C=C/C3=CC(=C(C=C3)O)O)CO[C@H]4[C@@H]([C@](CO4)(CO)O)O)OCCC5=CC(=C(C=C5)O)O)O)O)O)O,JMBINOWGIHWPJI,10,0.0,0.0,0.8539325594902039,0.8539325594902039,0.7797492682933808,MassSpecGymID0152325,oracle_ground_truth,1.0,0.761904776096344,0.0,0.0,0.7142857313156128,0.8202247023582458,no_exact_high_tanimoto,shard_008,CC1O[C@@H](O[C@H]2C(OC(=O)C=Cc3ccc(O)c(O)c3)[C@@H](CO)OC(OCCc3ccc(O)c(O)c3)[C@H]2CO[C@@H]2OC[C@](O)(CO)C2O)C(O)[C@@H](O)[C@H]1O,oracle_formula,10,100,100,3,42.63212442398071,42.81014394760132,"['CC1O[C@@H](O[C@H]2C(OC(=O)C=Cc3ccc(O)c(O)c3)[C@@H](CO)OC(OCCc3ccc(O)c(O)c3)[C@H]2CO[C@@H]2OC[C@](O)(CO)C2O)C(O)[C@@H](O)[C@H]1O', 'C[C@@H]1O[C@@H](O[C@@H]2[C@H](OC(=O)C=Cc3ccc(O)c(O)c3)O[C@H](OCCc3ccc(O)c(O)c3)[C@H](O)[C@H]2O[C@@H]2OC[C@](O)(CO)[C@H]2O)[C@@H](O)[C@@H](O)[C@H]1O', 'C[C@@H]1O[C@@H](OC[C@H]2O[C@@H](OC[C@@H]3OC[C@](O)(CO)[C@H]3O)[C@H](OCCc3ccc(O)c(O)c3)[C@H]2OC(=O)C=Cc2ccc(O)c(O)c2)[C@H](O)[C@H](O)[C@@H]1O', 'C[C@@H]1O[C@@H](OC[C@H]2OC[C@@H](OCCc3ccc(O)c(O)c3)[C@@H](O[C@@H]3OC[C@](O)(CO)[C@H]3O)[C@H]2OC(=O)C=Cc2ccc(O)c(O)c2)[C@H](O)[C@H](O)[C@H]1O', 'C[C@@H]1O[C@@H](OC[C@H]2O[C@@H](O[C@@H]3OC[C@](O)(CO)[C@H]3O)[C@H](OCCc3ccc(O)c(O)c3)[C@@H](OC(=O)C=Cc3ccc(O)c(O)c3)[C@@H]2O)[C@H](O)[C@H](O)[C@H]1O']"
CC(=O)NC1=C2C(=CSS2)N(C1=O)C,MHMRAFONCSQAIA,10,1.0,1.0,1.0,1.0,0.44820998460054395,MassSpecGymID0188657,oracle_ground_truth,1.0,0.7941176295280457,1.0,1.0,1.0,1.0,exact_top1,shard_010,CC(=O)Nc1c2sscc-2n(C)c1=O,oracle_formula,10,100,100,16,4.1021728515625,4.228858947753906,"['CC(=O)Nc1c2sscc-2n(C)c1=O', 'CC(=O)Nc1c2sscc-2c(=O)n1C', 'CC(=O)Nc1c2scc-2sn(C)c1=O', 'CC(=O)Nc1c2n(C)sscc-2c1=O', 'CC(=O)Nc1c2ssccnc-2c1=O']"
C[C@H]1CC=C[C@H]2[C@H]3[C@](O3)([C@H]([C@@H]4[C@@]2(C(=O)C=CC(=O)[C@@H](C(=C1)C)O)C(=O)N[C@H]4CC5=CNC6=CC=CC=C65)C)C,OUMWCYMRLMEZJH,10,0.0,0.0,0.3980582654476166,0.3980582654476166,0.34753539860248567,MassSpecGymID0162714,oracle_ground_truth,1.0,0.8352941274642944,0.0,0.0,0.3888888955116272,0.3888888955116272,no_exact_low_tanimoto,shard_008,CC1=CC(C)[C@]2(C)C([C@H]3C=CC(=O)N[C@@H]3Cc3c[nH]c4ccccc34)[C@H]3C=CC(=O)[C@H](O)C3[C@@H](O)C1[C@H]1O[C@H]12,oracle_formula,10,73,59,10,18.112263202667236,18.250930547714233,"['CC1=CC(C)[C@]2(C)C([C@H]3C=CC(=O)N[C@@H]3Cc3c[nH]c4ccccc34)[C@H]3C=CC(=O)[C@H](O)C3[C@@H](O)C1[C@H]1O[C@H]12', 'C/C1=C/C[C@H](C)C2=C[C@H](C(=O)N[C@H]1O)C1[C@@H](O)[C@H]2[C@@]23C(=O)C=C[C@@H](Cc4c[nH]c5ccccc45)[C@@H]2[C@@H](O)[C@@]13C', 'CC1=C[C@@H]2[C@@H]3[C@@H](OC(=O)/C=C\\C[C@H](Cc4c[nH]c5ccccc45)C4(N)O[C@]34C)[C@@H](C)C/C=C\\C(=O)[C@@]2(C)C1=O', 'C/C1=C\\[C@@H](C)C=CC[C@@]2(C)[C@@H]3[C@@H]4[C@@H](C)[C@@H](Cc5c[nH]c6ccccc56)O[C@@]45C(=O)C(O)=C5C(=O)[C@](C)([C@@H]1O)N32', 'C/C1=C\\C(=O)[C@@]2(C)O[C@@H]2[C@@H](C)/C=C2C(O)=C/2N2C(=O)[C@](C)(Cc3c[nH]c4ccccc34)[C@H]2C/C=C\\[C@@H](C)[C@H]1O']"
C[C@H]1[C@@H]([C@H]([C@H]([C@@H](O1)O[C@H]2[C@@H]3C=CO[C@H]([C@@H]3[C@@]4([C@H]2O4)CO)O[C@H]5[C@@H]([C@H]([C@@H]([C@H](O5)CO)O)O)O)OC(=O)/C=C/C6=CC=CC=C6)OC(=O)/C=C/C7=CC=CC=C7)O,OQXBCMJIIDQITC,10,0.0,0.0,0.8441558480262756,0.8441558480262756,0.6231756001710892,MassSpecGymID0185133,oracle_ground_truth,1.0,0.8089887499809265,0.0,0.0,0.5199999809265137,0.5288461446762085,no_exact_medium_tanimoto,shard_009,C[C@@H]1O[C@@H](O[C@H]2[C@H]3C=CO[C@@H](O[C@@H]4O[C@H](C)[C@H](O)[C@@H](O)[C@H]4O)[C@H]3[C@]3(CO)O[C@@H]23)[C@@H](O)[C@H](OC(=O)C=Cc2ccccc2)[C@@H]1O,oracle_formula,10,100,100,6,50.76937460899353,50.95450568199158,"['C[C@@H]1O[C@@H](O[C@H]2[C@H]3C=CO[C@@H](O[C@@H]4O[C@H](C)[C@H](O)[C@@H](O)[C@H]4O)[C@H]3[C@]3(CO)O[C@@H]23)[C@@H](O)[C@H](OC(=O)C=Cc2ccccc2)[C@@H]1O', 'C[C@H]1O[C@@H](O[C@H]2[C@@H]3C=CO[C@@H](O[C@@H]4O[C@H](CO)[C@@H](O)[C@@H](O)[C@H]4O)[C@@H]3[C@@H]2OC(=O)C=Cc2ccccc2)[C@H](O)[C@H](O)[C@H]1OC(=O)C=Cc1ccccc1', 'C[C@@H]1O[C@@H](O[C@@H]2[C@H]3C=CO[C@@H](O[C@@H]4O[C@H](CO)[C@@H](O)[C@H](O)[C@H]4OC(=O)C4CC4)[C@@H]3[C@]3(c4ccccc4)O[C@@H]23)[C@H](O)[C@H](O)[C@H]1OC(=O)C=Cc1ccccc1', 'CC1OC(OC2C(OC3C4OC=COC4C4(CO)OC34)OC(CO)C(OC(=O)C=Cc3ccccc3)C2OC(=O)C=Cc2ccccc2)C(O)C(O)C1O', 'C[C@@H]1O[C@@H](O[C@H]2[C@H]3C=CO[C@@H](OC(=O)C=Cc4ccccc4)[C@H]3[C@@H](OC(=O)C=Cc3ccccc3)[C@H]3O[C@H]32)[C@H](O)[C@H](O)[C@H]1O[C@@H]1O[C@@H](CO)[C@@H](O)[C@H](O)[C@H]1O']"
CCC(C)C1C(C=CC2(O1)CC3CC(O2)CC=C(C(C(C=CC=C4COC5C4(C(C=C(C5O)C)C(=O)O3)O)C)OC6CC(C(C(O6)C)OC7CC(C(C(O7)C)NC(=O)C)OC)OC)C)C,ZKWQQXZUCOBISE,10,0.0,0.0,0.9107142686843872,0.9107142686843872,0.8476469993591309,MassSpecGymID0058062,oracle_ground_truth,1.0,0.8166666626930237,0.0,0.0,0.8899082541465759,0.900900900363922,no_exact_high_tanimoto,shard_003,CC[C@H](C)[C@H]1O[C@]2(C=C[C@@H]1C)C[C@@H]1C[C@@H](C/C=C(\C)[C@@H](O[C@@H]3C[C@H](OC)[C@@H](O[C@@H]4O[C@@H](C)[C@@H](NC(C)=O)[C@H]4OC)[C@H](C)O3)[C@@H](C)/C=C/C=C3CO[C@@H]4[C@H](O)C(C)=C[C@@H](C(=O)O1)[C@]34O)O2,oracle_formula,10,100,100,1,57.95044708251953,58.13286542892456,"['CC[C@H](C)[C@H]1O[C@]2(C=C[C@@H]1C)C[C@@H]1C[C@@H](C/C=C(\\C)[C@@H](O[C@@H]3C[C@H](OC)[C@@H](O[C@@H]4O[C@@H](C)[C@@H](NC(C)=O)[C@H]4OC)[C@H](C)O3)[C@@H](C)/C=C/C=C3CO[C@@H]4[C@H](O)C(C)=C[C@@H](C(=O)O1)[C@]34O)O2', 'CC[C@@H](C)[C@H]1O[C@]2(C=C[C@@H]1C)C[C@@H]1C[C@@H](C/C=C(\\C)[C@@H](O[C@H]3C[C@H](OC)[C@H]([C@@H]4C[C@H](OC)[C@H](NC(C)=O)[C@H](C)O4)[C@H](C)O3)[C@@H](C)/C=C/C=C3\\CO[C@@H]4[C@H](O)C(C)=C[C@@H](C(=O)O1)[C@]34O)O2', 'CC[C@@H](C)[C@H]1O[C@]2(C=C[C@@H]1C)C[C@@H]1C[C@@H](C/C=C(\\C)[C@@H](O[C@H]3C[C@H](OC)[C@@H](O[C@H]4C[C@H](OC)[C@@H](NC(C)=O)[C@H](C)O4)[C@H](C)O3)[C@@H](C)/C=C/C=C3\\CO[C@@H]4[C@H](O)C(C)[C@H](C(=O)O1)[C@@]34O)O2', 'CC[C@H](C)[C@H]1O[C@]2(C=C[C@@H]1C)C[C@@H]1C[C@@H](CC=C(C)[C@@H](O[C@H]3C[C@H](OC)[C@@H](O[C@H]4C[C@H](OC)[C@H](C)O4)[C@H](C)O3)[C@@H](C)C=CC=C3CO[C@@H]4[C@H](NC(C)=O)C(C)=C[C@@H](C(=O)O1)[C@]34O)O2', 'CC[C@H](C)[C@H]1O[C@]2(C=C[C@@H]1C)C[C@@H]1C[C@@H](C/C=C(\\C)[C@@H](O[C@H]3C[C@H](OC)[C@@H](O[C@H]4O[C@@H](C)[C@@H](NC(C)=O)[C@H]4OC)[C@H](C)O3)[C@@H](C)/C=C/C=C3\\CO[C@@H]4[C@H](O)C(O)=C[C@@H](C(=O)O1)[C@]34O)O2']"
CS(=O)(=O)C1=CC(=C(C=C1)C(=O)C2C(=O)CCCC2=O)[N+](=O)[O-],KPUREKXXPHOJQT,10,1.0,1.0,1.0,1.0,0.6550178736448288,MassSpecGymID0018517,oracle_ground_truth,1.0,0.9285714030265808,1.0,1.0,1.0,1.0,exact_top1,shard_001,CS(=O)(=O)c1ccc(C(=O)C2C(=O)CCCC2=O)c([N+](=O)[O-])c1,oracle_formula,10,100,100,16,9.208033800125122,9.346221446990967,"['CS(=O)(=O)c1ccc(C(=O)C2C(=O)CCCC2=O)c([N+](=O)[O-])c1', 'CS(=O)(=O)c1ccc(C(=O)C2C(=O)CCC2=O)c([N+](=O)[O-])c1', 'CS(=O)(=O)c1ccc(C(=O)C2CC(=O)CCCC2=O)c([N+](=O)[O-])c1', 'CS(=O)(=O)c1ccc(C(=O)C2CCCC(=O)C(=O)C2)c([N+](=O)[O-])c1', 'CS(=O)(=O)c1ccc(C(=O)C2C(=O)CCCC2=O)c([C]=O)c1']"
