true_smiles,name,pred_smiles_1,pred_smiles_2,pred_smiles_3,pred_smiles_4,pred_smiles_5,pred_smiles_6,pred_smiles_7,pred_smiles_8,pred_smiles_9,pred_smiles_10,pred_smiles_11,pred_smiles_12,pred_smiles_13,pred_smiles_14,pred_smiles_15,pred_smiles_16,pred_smiles_17,pred_smiles_18,pred_smiles_19,pred_smiles_20,pred_smiles_21,pred_smiles_22,pred_smiles_23,pred_smiles_24,pred_smiles_25,pred_smiles_26,pred_smiles_27,pred_smiles_28,pred_smiles_29,pred_smiles_30,pred_smiles_31
C(C(=O)O)NC(=O)CN1C2C(NC(=O)N2)NC1=O,MassSpecGymID0374577,NOOCC(=O)c1nc(C(N)=O)c(N)[nH]c1=O,NC(=O)c1[nH]c(=O)c(C(N)=O)nc1N,NC(=O)c1ncc(CON=O)[nH]c1=O,NC(=O)c1nc(CN2OCCC2=O)oc1N,NC(=O)c1nc2c([nH]c1=O)OCCOCON2,NC(=O)c1cnc(C(N)=O)c(=O)o1,CN(C(=O)OCC=O)c1nc(C(N)=O)c(N)o1,NOCC(=O)c1oc(N)c(C(N)=O)c1C(N)=O,NNc1cnooc(=O)c(C(N)=O)nc(=O)c1,NC(=O)c1ccno1,Nc1co[nH]c1=O,CC(=O)CON,NC(N)=O,NC1=CC(=O)N1,CC(=O)OC(N)=O,CC(N)=O,N=C(O)c1co[nH]c1=O,CC(=O)C[NH],C[C](N)N,NC=O,,,,,,,,,,,
CC1C(NC(=O)C(NC(=O)C(C(NC(=O)C(NC(=O)C(NC(=O)C(=C)N(C(=O)CCC(NC1=O)C(=O)O)C)C)CC(C)C)C(=O)O)C)CC2=CC=CC=C2)/C=C/C(=C/C(C)C(CC3=CC=CC=C3)OC)/C,MassSpecGymID0075191,C=C1C(=O)NC(Cc2ccc(O)cc2)C(=O)NC(C(=O)[O-])C(CC(C)C)N1C,C=C1N[C@H]2CCC(=O)N[C@H](C(=O)O)[C@H](CCC(=O)C(C(CC)C(Cc3ccccc3)OC)[C@@H](OC)NC(=O)CCC(C)OCN3C1=CC1=CN(OC)NC13)N(C)C(=O)CC[C@@H]2Cc1ccc(O)cc1,C=C1C2=C(OC)NC(C(=O)[O-])CC(=O)C(C)[C@@H](CC(C)C)NC(=O)[C@H](Cc3ccccc3)NC(=O)N(C)CC(Cc3ccc(O)cc3)NC(O)[C@@H](C)CC(=O)N12,C=C(OC)[C]1CCC(=O)NC(C(=O)O)CCC(OC)N[C@@H](C(=O)O)CC(=O)N(C)[C@H](Cc2ccccc2)C(=O)[C@H](CC(C)C)NC(=O)N(C)[C@H](C)C(=C)N1,C=C1C(=O)[C@H](Cc2ccc(O)cc2)N1C(C)=C/C=C\[C@@H]1CC[C@@H]2[C@H]([C@@H](OC)[C@@H](OC)[C@H](Cc3ccc(O)cc3)C(=O)O)NC(=O)N[C@@H]3[C@@H](C)[C@H](CC(C)C)NC(=O)[C@H]3NC(=O)N(C)[C@H]2CCC(=O)N1C,C=C1NC(O)ONC(C(=O)[O-])CCC(CC(OC)C(Cc2ccccc2)OC)ONC(CC(C)C)NC(=O)N1C,C=C1C2=CC(=O)N(C)C(=CC(=O)OCC(C(=O)O)CCC(=O)N1C)C(C)C(C(C)C)NC(Cc1ccccc1)N2,C=C1C(C)=C(OC)C(CC)N[C@@H](Cc2ccc(O)cc2)C(=O)N[C@@H](C(=O)O)CCN(C)C(=O)C[C@H]2CCC(=O)NC=CC(=C)[C@@H](CC[C@H](C(=O)O)NC(=O)N[C@H]1C)C(Cc1ccccc1)N2OC,C=CC1NC(C(=O)OC)CCC(=O)ONC(CC(OC)OC)CCC(=O)N(C)C(=C)C=C2C(=O)C=C2NC(C(O)C(Cc2ccccc2)OC)N1C,C=C1OC[C@@H](C(=O)O)CCC(NC(=O)C(OC=O)C(C)C)CC[C@H](c2ccccc2)N(C)C(=C)C=C(C(OC)=C(C)OC)NC(=O)NC(C)C(=O)NC(Cc2ccc(C)cc2)CCC(=O)N1C,C=C1C(=O)N(C)CC(=O)N[C@@H](Cc2ccccc2)CCC(=C2C=C(CC)[C@H]([C@H](OC)C(=O)N3C(=O)CC[C@H]3C(=O)O)N(C)C(=O)N[C@@H](Cc3ccc(O)cc3)N2COC)CCC(=O)N1C,C=C1NC(Cc2ccccc2)CCC(=CNC(OC)C(CC(C)C)C(O)Cc2ccc([O-])cc2)NC(=O)N1C,CC[C@H]1NC(=O)C=C1C=CC(C)C(Cc1ccccc1)OC,C=C1C=C2C=C(CC(C)C)C=C2N(CO)N1c1ccc(CC(OC)C(OC)C(=O)N2C(=O)CC[C@H]2C(=O)O)cc1,C=C1OC(=CC(C)C)N(C)C(=O)COC(=CC(C)C)C2NC2(O)CCC(C(=O)O)NC(=O)NC(Cc2ccccc2)C(O)N1C,C=C1C=C2C=C(NCCC(=O)N2C(C(C)C=CC2NC(=O)N(OC)C(C)C(Cc3ccccc3)C(Cc3ccc(O)cc3)CCC(C)OC(=O)N(CC(C)C)C(C)N2)C(C(=O)O)C(NC)C(=O)O)O1,COC1N(C)C(=O)CCC2C(C(=O)[CH+]CC(C)Cc3ccc(O)cc3)N21,C=C1C=C2C=C(NC[C@H](C(=O)O)NC(=O)CC[C@H](C(=O)O)NC[C@H](C)CCC(=O)N1C)C2=O,COC1=Cn2oc(=O)cc2CC(Cc2ccc(O)cc2)C1C,C=CC(Cc1ccc(O)cc1)OC,CN1CCC(=O)N2[C@@H](c3ccc(O)cc3)CC[C@H]2C(Cc2ccc(O)cc2)N(C)C1=O,CON([O-])C=Cc1cc(=O)[nH]n1[C@H]1CO[C@@H](Cc2ccccc2)N1C,C=C[C@H](Cc1ccccc1)OC,CC1=C2C(=CCC[NH+]([O-])C=C3CCC(=O)NN3C)C(=O)C=C12,Cc1ccc(O)cc1,,,,,,
CCCCCCCC(=O)C(C)C(=O)N(C)[C@H](CC1=CC=C(C=C1)OC)C(=O)N(C)[C@@H](C(C)C)C(=O)N,MassSpecGymID0395776,CCCCCC[C@@H](C)N(CCC(=O)NCCC[C@H]1CC2=C(O1)C(C)=C(C)[C@H](O)NC(=O)C=C2)C(C)=O,CCCCCC(C(C)C)N(CC(=O)NC(C)CCCC)C(=O)C1Nc2cc(O)c(C)c(C)c2C(=O)O1,CCCCCCN(C(=O)NCCCCC)C(C)(C)C(NC)C(=O)c1c(C)c(C)c(C)c2oc(=O)oc12,CCCCCCCCCCCC(=O)N(CCCC)OC(C)(C)c1cc(=O)c2[nH]c(O)c(C)c2c(=O)[nH]1,CCCCCC(CCN(CC=C1Oc2[nH]c1c(C)c2C)C(=O)OC(C)(C)C(C)C)N1OC(=O)C[C@@H]1C,CCCCCCCC(CCNC1NC(=O)c2cc(O)c(C)c(C)c2O1)NC(=O)CC,CCCCCCCC(C)N(CCNC(=O)O)C(C)CCCCC,CCCCCCCC(NCCNC(=O)C[C@H]1CNC(=O)O1)C(C)C,CCCCCCCCCCCCCN(CCC(=O)NCC1NC(=O)O1)C1=CC(=O)C(C)=C(C)C1=O,CCCCCCC[NH+](CCNC(=O)CCCCCC)C1CC(=O)N1,CCCCCCC(C)N(CCNC(=O)CC1NC1OO)C(C)C(C)C,CCCCCC(C)N(C(=O)CC)C(=O)CC1Nc2cc(O)c(C)c(C)c2O1,CCCCCCCNC(=O)CCNC(=O)CCC(C)C,CCCCCC(CC1CC1)C(=O)NCCN(CC1NC(=O)c2oc(O)c(C)c2O1)C(CC)CCC,CCCCCCC(=O)N(CCNC(=O)CC(C)C)C(=O)CC(C)C,CCCCCCC(C)N(CCC)C(=O)CCNC(C)C,CCCCCC(C)N(C(=O)CCN1C(O)C1Oc1cc(O)c(C)c(C)c1C(N)O)C1C[C]1CCCC,CCCCCCC(C)N(C=O)CCNC(=O)C(C)CC(C)C,CCCCCCCCCCC(=O)NCCC(=O)N([14CH3])CCCC,CCCCCCCCN(C=O)CCc1cc2c(cc1C)OC(N)N2,CCCCCC(C)N(CCNC1C[OH+]C2CCCC1C2)C(=O)CC,CCCCCCN(CCNO)[C@@H](C)C(C)C,CCCCCC(=O)N(C(=O)CC)C(C)CCC,CCCCCC(=O)N(CCN)C(C)C,C=C[C@@H](C)N(CCN[C@H](C)CCC=CC)C(=O)CCCCC,CCCCCC[C@H](C)N(CC)[C@H](CCC)CCCCC,CCCCCCNCCCCC,CC(=O)N(CCC(C)C)CCC(C)C,CCCCCCCCCCCCCC,CC1=C2C(=O)CC(N1)N(CCN)C(=O)CCC(=O)C1CC2=C(C)O1,CCC(=O)NC
CCOC(=O)COC1=C(C=C(C(=C1)C2=NN(C(=C2Cl)OC(F)F)C)F)Cl,MassSpecGymID0088989,CCOC(=O)COc1cc(-c2nn(C)c(OC(F)F)c2Cl)c(F)cc1Cl,CCOC(=O)COc1cc(-c2nn(C)c(Cl)c2OC(F)F)c(F)cc1Cl,CCOC(=O)COc1ccc(-c2nn(C)c(OC(F)F)c2Cl)c(F)c1Cl,CCOC(=O)COc1cc(Cl)c(F)cc1-c1nn(C)c(Cl)c1OC(F)F,CCOC(=O)COc1cc(-c2cc(OC(F)F)nn2C)c(F)cc1Cl,CCOC(=O)COc1cc(-c2c(OC(F)F)cnn2C)c(F)cc1Cl,CCOC(=O)COc1cc(-c2nncc(OC(F)F)c2Cl)c(F)cc1Cl,CCOC(=O)COc1cc(-c2cc(Cl)nn2C)c(F)cc1OC(F)F,CCOC(=O)COc1cc2ccc(OC(F)F)c-2nn1C,CCOC(=O)COc1cc(C2=NN(OF)C=CC2=CCl)c(F)cc1Cl,CCOC(=O)COc1ccc(F)cc1Cl,CCN1N=CC2=CC([ClH+])=C(Cl)C=C(F)C2=C1OCC(=O)OCOC(F)F,CCOC(=O)CO,FC(F)Oc1[n-]ccc1Cl,,,,,,,,,,,,,,,,,
CCN1CC2(C(CC(C34C2C(C(C31)C5(C6C4CC(C6OC(=O)C7=CC=CC=C7)(C(C5O)OC)O)OC(=O)C)OC)OC)OC(=O)C)COC,MassSpecGymID0134704,CC[C@H](C)C(=O)O[C@H]1[C@@H](OC(C)=O)[C@H](C)CC2C3C(=O)C(O)[C@@H]4C5=CC6OC7CCC6NC(O)C[C@@H]([C@H]7C4[C@H]5O)[C@@]3(C)OC(=O)[C@]21O,CCC(C)C(=O)O[C@H]1[C@H]2O[C@@H]3C[C@@]24[C@@H]2[C@@H](OC(C)=O)[C@H]5[C@H](N)CC[C@H]6O[C@]7(O)[C@@]6(C)[C@@H]5C[C@H]5O[C@H]([C@H]3[C@@H](O)[C@@H]4[C@H](O)C(=O)[C@H](O)[C@H]25)[C@]17C,CCC(C)C(=O)OC1C(OC(C)=O)C2C3C4CC5OC(CC6OC7CCC(C=C6N5C32CC(C)C(=O)C1(C)O)C7=O)C(O)C4OC(C)=O,CCC(C)C(=O)OC1CC2OC3CCC(C)C=C4C3C3C(C)C(OC(C)=O)C45OOC(=O)C1(N)CC2C5(O)C(=O)C(C)C3OC(C)=O,CCC(C)C(=O)OC1C2CCC3OC3CC3C4C(=C(C(C)CC5OC(=O)N5O)C(=O)C(O)CC4C3(C)C)C(C)C1C(OC(C)=O)C2O,CCC(C)C(=O)O[C@@H]1[C@H]2C[C@H]3O[C@@H]4O[C@@H]5CN6/C=C(/C)C(=O)[C@H]7[C@@H](C[C@H]6C1(C)C(=O)[C@@H]7O)[C@H]5[C@H](O)[C@@H]3C[C@@H]([C@@H]2O)[C@H](OC(C)=O)[C@H]4C,CCC(C)C(=O)OC1C(C)C(O)C2C3CN4C(C)=CC(OC2C(=O)O3)C4(O)C1C1CCC2CC3CC2OC(C(O)C3=O)C(OC(C)=O)C1C,CCC(C)C(=O)OC1CC2OC3CC45C(O)C6C(=CC(C)C6OC(C)=O)C(=O)OC(=O)C3C4C(C)C(OC(C)=O)C5CC2C1C(C)O,CCC(C)C(=O)OC1C2C(CC3OC2CC3C)OC(=O)C23CC(OC2=O)C2C(O)C(OC(C)=O)C(C)C4C(CC(C)C(O)C12C#N)C4O3,CCC[C@@H]1[C@@H]2C[C@H](OC(=O)[C@@H](C)CC)[C@@]3(C)C(=C[C@H]([C@@]4(O)OC(=O)OC4=O)[C@]4(O)[C@@H]5[C@@H](OC(C)=O)[C@H]6[C@@H](C[C@H](C)[C@@H]25)OCN4[C@H]6O)CC[C@@H]13,CCC(C)C(=O)O[C@H]1CC[C@H]2O[C@H]3[C@@H]4[C@H](CN5C[C@H]6O[C@H]6C[C@@H](OC(C)=O)[C@H](O)C5=C[C@H]5C[C@H]45)[C@H](O)[C@H]3[C@@]2(C)[C@H](O)C(=O)OC(=O)C1,CC[C@H](C)C(=O)O[C@@H]1[C@H]2CN(C)[C@H]3OC[C@H]4O[C@@H]5C[C@H](C)[C@H]6[C@@H]7C=C2[C@H](OC(=O)[C@]6(C)[C@H]3[C@H](OC(C)=O)[C@@H](C)C[C@H]5[C@@]1(O)C(=O)O)[C]74,CCC(C)C(=O)O[C@H]1C(OC(C)=O)[C@@H]2O[C@H]3[C@@H]4CC[C@H]([C@H]5C[C@@H]6C(=O)C(O)C(=O)N6C[C@@H]5C[C@H]1C)[C@]1(C(=O)OC(C)(C)[C@H]1CO)[C@@H]4[C@@H]32,CC(=O)O[C@@H]1[C@H](C)[C@H](OC(C)=O)CC[C@@H](C)[C@H]2[C@H](O)[C@H]2C(=O)O[C@]23[C@H](C[C@@H](OC(C)=O)C4[C@H]5CC6C(C7N(O)[C@]47C)[C@H](C[C@]62C)O5)O[C@H]13,CC[C@H](C)C(=O)O[C@@H]1[C@@H]2C(=O)[C@H]3C(O[C@H]4[C@@H]5C=C(C[C@H]5[C@H]5O[C@H]2C[C@@H]2[C@@H](O)[C@H](O)[C@@]5(C(=O)O[C@](C)(O)CCOC(C)=O)[C@@H]21)[C@H]4C)[C@@H]3C,CC(=O)OC1C2=CC3OC(=O)C4CC5OC6CC7CC(O)C(N)CCC7C(C6O)C(O)C5C(O)CC(C)(C4C3=O)C2C(OC(C)=O)C1C,CC(=O)O[C@H]1[C@@H]2C[C@@]3(O)C(=O)CC[C@H](C[C@]4(CO)CO4)[C@@]45ON(C[C@H]4[C@@H]4C[C@H]4O[C@H]4C[C@@H](C)C(=O)[C@@]4(C)[C@@H]21)[C@H]([C@H](C)[C@H]5O)[C@@H]3OC(C)=O,CC(=O)OC1=CC2C(N)C2(O)C(=O)C(O)C2C(C(C)C)CC(C(OC(=O)CC(C)CC=O)C1O)C1C2CC2(O)C(=O)OCCCC(C)C12,CC(=O)OC1C[C@@H]2O[C@@H]2CNC2=C[C@H](C)COC2CC1[C@H]1C=CC2OC3C(O)C(O)C(C)C(O)C4OC(=O)[C@]2(C)[C@H](OC(C)=O)C1C43C,CC(=O)OC1C(C)C2(OC(C)=O)C3CC4CC5OCC[C@@]5(N)C4C(O)C(=O)C(C)C4C5=CC(CCC4O)C(C)CC(OC3OC5=O)C12,CCC(C)C(=O)O,CC(=O)C(C)C=O,CC(=O)O,,,,,,,,
CC(=CCCC(C)(C1CCC2(C1C(CC3C2(CCC4C3(CCC(C4(C)C)OC5C(C(C(C(O5)CO)O)O)OC6C(C(C(C(O6)CO)O)O)O)C)C)O)C)O)C,MassSpecGymID0262882,CC(C)=CCC[C@](C)(O[C@@H]1O[C@H](CO)[C@@H](O)[C@@H](O)[C@@H]1O)[C@@H]1CC[C@]2(C)[C@@H]1[C@H](O[C@@H]1O[C@H](CO)[C@@H](O)[C@H](O)[C@H]1O)C[C@@H]1[C@@]3(C)CC[C@H](O)C(C)(C)[C@@H]3CC[C@]12C,[3H]CC=CCC[C@](CC)(O[C@@H]1O[C@H](CO)[C@@H](O)[C@H](O)[C@H]1O)[C@H]1CC[C@]2(C)[C@H]1[C@H](O)C[C@@H]1[C@@]3(C)CC[C@H](O[C@@H]4O[C@H](CO)[C@@H](O)[C@H](O)[C@H]4O)C(C)(C)[C@@H]3CC[C@]12C,CC(C)=CCC[C@@](C)(O[C@@H]1O[C@@H](CO)[C@@H](O)[C@@H](O)[C@H]1O)[C@H]1CC[C@]2(C)[C@H]1[C@H](O)C[C@H]1[C@@H]3CCCC(C)(C)[C@H]([C@@H]2O[C@@H]2O[C@H](CO)[C@@H](O)[C@H](O)[C@H]2O)[C@]1(C)CC3,CC(C)=CCC[C@](C)(O[C@@H]1O[C@H](CO)[C@@H](O)[C@H](O)[C@H]1O)[C@H]1CC[C@]2(C)C1[C@@H]1C([C@H]1O)[C@@]1(C)CC[C@@H]3O[C@@H](O[C@H](CO)[C@@H](O)[C@H](O)CO)[C@@]2(C)CCC1C3(C)C,CC(C)=CCCC(C)(OC1OC(OCC2OC(CO)C(O)C2O)C(O)C(O)C1O)C1CCC2(C)C1C(O)CC1C3(C)CCC(O)C(C)(C)C3CCC12C,CC(C)=CCC[C@](C)(O[C@@H]1O[C@@H](CO)[C@@H](O)[C@H](O)[C@H]1O)[C@@H]1CC[C@]2(C)[C@@H]1C[C@H]1[C@@]3(C)CC[C@@H](O[C@@H]4O[C@H](CO)[C@@H](O)[C@H](O)[C@H]4O)C(C)(C)[C@@H]3CC[C@@]12C,CC(C)=CCCC(C)(OC1OC(COC2OCC(O)C(O)C2O)C(O)C(O)C1O)C1CCC2(C)C1C(O)CC1C3(C)CC(O)C(C)(C)C3CCC12C,CC(C)=CCC[C@](C)(O[C@H]1O[C@@H](CO)[C@@H](O)[C@@H](O)[C@H]1O)[C@H]1CC[C@@]2(C)[C@@H]1[C@H](O)C[C@@H]1[C@H]3CC[C@H](O[C@H]4O[C@H](CO)[C@@H](O)[C@H](O)[C@H]4O)C(C)(C)[C@H]3CC[C@]12C,CC(C)=CCCC(C)(OC1OC(CO)C(O)C1O)C1CCC2(C)C1C(O)C1C3(C)CCC(O)C(C)(C)C3CCC12C,CC=CC1C2C(C(C)(CCC=C(C)C)OC3OC(COC4OC(CO)C(O)C4O)C(O)C(O)C3O)CCC2(O)C(C)CCC2C(C)(C)C(O)CCC12C,CC(C)=CCC[C@](C)(O[C@H]1O[C@H](CO)[C@@H](O)[C@@H](O)[C@H]1O)[C@H]1CC[C@]2(C)C1CCC1[C@@]3(C)CC(O)C(C)(C)C3CC[C@]12C,CC(C)=CCC[C@](C)(O[C@@H]1O[C@@H](CO)[C@@H](O)[C@@H](O)[C@H]1O)[C@H]1CC[C@]2(C)[C@@H]1C[C@@H]1[C@@]3(C)CC[C@H](O[C@@H]4O[C@H](CO)[C@@H](O)[C@H](O)[C@H]4O)C(C)(C)C3=CC[C@]12C,CC(C)=CCC[C@](C)(O[C@@H]1O[C@H](CO)[C@@H](O)[C@H](O)[C@H]1O)[C@H]1CC[C@]2(C)[C@@H]1[C@@H](O)[C@@H]1[C@@]3(C)CC[C@H](O[C@H]4O[C@H](CO)[C@@H](O)[C@H](O)[C@H]4O)[C@@H]3C(C)(C)C[C@@]12C,CC(C)=CCC[C@](C)(O[C@@H]1O[C@H](CO)[C@@H](O)[C@H](O)[C@@H]1O)[C@@H]1CC[C@]2(C)[C@@H]1[C@H](O)C[C@@H]1[C@H]3[C@H](C)CC[C@@]3(CC[C@H]3O[C@@H](CO)[C@@H](O)[C@H](O)[C@H]3O)CC[C@]12C,CC(C)=CCCC(C)(O[C@@H]1C[C@H](CO)[C@@H](O)[C@H](O)O1)C1CCC2(C)CC(O)CC(O)C3(C)CCC(O[C@@H]4O[C@H](CO)[C@H](O)[C@@H](O)[C@H]4O)C(C)(C)C3CCC12C,CC(C)=CCC[C@](C)(O[C@@H]1O[C@@H](CO)[C@@H](O)[C@@H](O)[C@H]1O)[C@@H]1CC[C@]2(C)[C@H]1C[C@@H](O)[C@@]1(C)CC[C@H]3O[C@H](O[C@H](CO)[C@@H](O)[C@@H](O)CO)[C@]2(C)CC[C@@H]1C3(C)C,CC(C)=CCC[C@](C)(O[C@H]1O[C@H](CO[C@@H]2O[C@@H](CO)[C@@H](O)[C@H]2O)[C@@H](O)[C@H](O)[C@H]1O)[C@H]1CC[C@@]2(C)[C@H]3C[C@@H](C)[C@@H]4C[C@H]4C[C@H](O)[C@H](C)[C@@H]3[C@H](O)CC[C@]12C,CC(C)=CCC[C@@H](O[C@@H]1O[C@H](CO)[C@@H](O)[C@H](O)[C@H]1O)[C@@](C)(O)[C@H]1CC[C@]2(C)[C@@H]1[C@H](O)[C@@H]1[C@]3(C)CC[C@H](O)C(C)(C)[C@@H]3C[C@]12C,CC(C)=CCCC(O[C@@H]1O[C@H](CO[C@@H]2O[C@H](CO)[C@@H](O)[C@H]2O)[C@H](O)[C@@H](O)[C@H]1O)[C@](C)(O)C1CCC2C3C([C@@H](O)C[C@@]21C)[C@@]1(C)CC[C@H](O)C(C)(C)C31,CC(C)=CCCC(C)(OC1OC(CO)C(O)C(O)C1O)C1OC(CO)C(O)C1O,CC(C)=CCC[C@@](O)(CCC[C@@]1(C)[C@@H](O)[C@]2(C)[C@@H]1[C@H](O)C[C@@H]1[C@@]3(C)CC[C@](O)(CO)OC[C@](C)(CO)[C@@H]3CC[C@]12C)CO[C@H]1O[C@H](CO)[C@@H](O)[C@@H](O)[C@H]1O,CC(C)=CCC[C@](C)(O[C@@H]1O[C@@H](CO)[C@@H](O)[C@H](O)[C@H]1O)[C@@H]1OC[C@]2(O)COC[C@H](O)[C@]2(C)[C@H]1[C@@H](O)C[C@@H]1C(C)(C)[C@H]2C(C)(C)[C@@H](O)[C@@H](CO)CC[C@@]21C,CC(C)=CCCC(O)OC1OC(COC2OC(CO)C(O)C2O)C(O)C(O)C1O,CC(C)=CCC[C@@]1(O[C@@H]2O[C@H](CO)[C@@H](O)[C@H](O)[C@H]2O)[C@H]2CC[C@@]2(C(O)[C@H]2[C@@H](C)CC[C@@H]3C(C)(C)[C@@H](O)CC[C@@]32C)[C@@H]2[C@H](O)CC[C@H](O)[C@@H](O)[C@@H]1OC[C@H]2O,CC(C)=CCC[C@](C)(O)CC[C@@H]1O[C@H](CO)[C@@H](O)[C@H](O)[C@H]1O,CC(C)=CCC[C@H](C)O[C@@H]1O[C@H](CO[C@@H]2OC[C@@H](O)[C@@H](O)[C@H]2O)[C@@H](O)[C@H](O)[C@H]1O,CC(C)=CCC[C@@H](C)O[C@@H]1O[C@H](CO[C@@H]2O[C@@H](O)[C@H](O)[C@@H](O)[C@@H]2CO)[C@@H](O)[C@H](O)[C@H]1O,CC(C)=CCC[C@@H](C)O[C@@H]1O[C@H](CO)[C@@H](O)[C@@H](O)[C@H]1O,CC(C)=CCCC(C)OC1CC(O)C(O)C(CO)O1,OCC1O[C@@H](O)C(O)C(O)[C@H]1O,
CC1C(CC2C1C(OC=C2C(=O)OC)OC3C(C(C(C(O3)CO)O)O)O)OC(=O)C4=COC(C(C4CCO)C=C)OC5C(C(C(C(O5)CO)O)O)O,MassSpecGymID0310002,C=C[C@H]1[C@H](O[C@@H]2O[C@@H](CO)[C@@H](O)[C@H](O)[C@H]2O)OC=C(C(=O)OC)[C@@H]1[C@@H]1CC[C@H](O[C@@H]2OC=C(C(=O)O[C@@H]3O[C@H](CO)[C@@H](O)[C@H](O)[C@H]3O)OC2C)[C@H]1C,C=C[C@H]1[C@H](O[C@@H]2O[C@H](CO)[C@@H](O)[C@H](O)[C@H]2O)OC=C(C(=O)O[C@H]2C[C@@H]3C(C(=O)OC)=COC[C@H]3[C@H]2C)[C@@H]1C(C)=O,C=CC1C(OC2OC(CO)C(O)C(O)C2O)OC=C(C(=O)OC2CC3C(C(=O)OC)=COC(OC4OC(CO)C(O)C(O)C4O)C3C2)C1CO,C=C[C@H]1[C@H](O[C@@H]2O[C@H](CO)[C@@H](O)[C@H](O)[C@H]2O)OC=C(C(=O)OC)[C@@H]1C(C)=O,C=CC1C(OC2OC(CO)C(O)C(O)C2O)OC=C(C(=O)OC)C1C,C=CC1C(OC2OC(CO)C(C)C(O)C2O)OC=C(C(=O)OC2CC3C(C(=O)OC4OC(CO)C(O)C(O)C4O)=COC3C2C)C(O)C1O,C=C[C@H]1[C@H](O[C@@H]2O[C@H](CO)[C@@H](O)[C@H](O)[C@H]2O)OC=C(C(=O)O[C@H]2CCC(C(=O)OC)=CO[C@@H](O[C@@H]3O[C@H](CO)[C@@H](O)[C@H](O)[C@H]3O)[C@@H]2C)[C@@H]1C(C)=O,C=CC1C(OC2OC(CO)C(O)C(O)C2O)OC=C(C(=O)OC)C1O,C=C[C@H]1[C@H](O[C@@H]2O[C@@H](CO)[C@@H](O)[C@H](O)[C@H]2O)OC=C(C(=O)OC)[C@H]1C=C,C=C[C@H]1[C@H](O[C@@H]2O[C@@H](CO)[C@@H](O)[C@H](O)[C@H]2O)OC=C(C(=O)O[C@H]2C[C@H](O[C@@H]3O[C@H](CO)[C@@H](O)[C@H](O)[C@H]3O)[C@H]3[C@@H]2OC(C)=C(C(=O)OC)[C@@H]3C)[C@@H]1C,C=CC1C(OC2OC(CO)C(O)C(O)C2O)OC=C(C(=O)OC2CC3C(=O)C(C(=O)OC4OC(CO)C(O)C(O)C4O)=CC3C(C)C2OC)C1C,C=CC1C(OC2OC(CO)C(O)C(O)C2O)OC=C(C(=O)OC)C1C1OC(OC2OC(CO)C(O)C(O)C2O)C2CC=C(C(=O)OC)C(C)C21,C=CC1C(OC2OC(CO)C(O)C(O)C2O)OC=C(C(=O)OC2CC3C4OCOC3C4(OC3OC(CO)C(O)C(O)C3O)C2C)C1C(C)=O,C=C[C@H]1[C@H](O[C@@H]2O[C@H](CO)[C@@H](O)[C@H](O)[C@H]2O)OC=C(C(=O)O)[C@H]1C,C=CC1[C@H](O[C@H]2O[C@H](CO)[C@@H](O)[C@H](O)[C@H]2O)OC=C(C(=O)O[C@@H]2O[C@@H](CO)[C@@H](C=O)C2O)C(OC)C[C@H]1O[C@@H]1O[C@H](C(C)=O)[C@@H](O)[C@H](C)C1C,C=C[C@H]1[C@H](O[C@H]2O[C@H](CO)[C@@H](O)[C@H](O)[C@H]2O)OC=C(C(=O)OC)[C@H]([C@@H]2C(C(O)OC)=CO[C@H](O[C@@H]3O[C@H](CO)[C@@H](O)[C@H](O)[C@H]3O)[C@H](C)[C@@H]2O)[C@H]1C,C=CC1C(OC2OC(CO)C(O)C(O)C2O)OC=C(C(=O)OC2CC(OC3OC(CO)C(O)C3CO)C3C(=C(C(=O)OC)C3C)C2=O)C1C,C=C[C@H]1[C@H](O[C@@H]2O[C@H](CO)[C@@H](O)[C@H](O)[C@H]2O)OC=C(C(=O)O[C@@H]2O[C@H](CO)[C@@H](O)[C@H](O)[C@H]2O)[C@@H]1[C@H]1C[C@@H](C)[C@@H]2[C@H](OC)OC(C(=O)OC)[C@@H]2C1,C=CC1C(CO)C(C(=O)OC)=CO[C@H]1O[C@@H]1O[C@H](O[C@@H]2OC(OC)[C@@H]([C@@H]3C=C(O)C(C(=O)OC)O[C@H](OC)[C@H](OC)C3)[C@H](O)C2C)C(O)C(O)C1O,C=C[C@H]1[C@H](O[C@@H]2O[C@H](CO)[C@H](O)[C@H](O)[C@H]2O)OC=C(C(=O)OC)[C@@H]1C[C@H]1C[C@@H]2C[C@H]3OC=C(C(=O)[C@H]4O[C@@H](O2)[C@H](O)[C@@H](O)[C@@H]4O)[C@H]13,C=C[C@@H]1C(C(=O)OC)=COC(O[C@@H]2O[C@H](CO)[C@@H](O)[C@H](O)[C@H]2O)C[C@H]1O[C@@H]1C[C@H]([CH]C)[C@@H](O[C@@H]2O[C@H](CO)[C@@H](O)[C@H](O)[C@@H]2O)OC=C1C(=O)OC,C=C[C@H]1C(O[C@H]2C[C@H](O)C3C(OC)=COOC32)OC=C(C(=O)OC2OC(CO)C(O)C(O)C2O)[C@H]1C,C=CC1CC(O[C@@H]2O[C@H](CO)[C@@H](O)[C@H](O)[C@H]2O)OC=C(C(=O)OC)C[C@H]1O,CC(=O)C1=CO[C@@H]2O[C@H]3C[C@H]1[C@H]([C@@H]3C)[C@H]2O[C@@H]1O[C@H](CO)[C@@H](O)[C@@H](O)[C@H]1O,C=CC1C=C(C=O)C(OC)OC(C(C)C2C(OC3OC(CO)C(O)C(O)C3O)OC=C(C(=O)OC3OC(CO)C(O)C(O)C3O)C2C)C1O,CCC1O[C@H](O[C@H]2C3=C(C(=O)OC)[C@H](O)[C@H]3C[C@@H]2OC)C(O)[C@@H](O)[C@@H]1O,COC(=O)C1=C(C(O)OC2OC(CO)C(O)C2O)C(CO)C(OC2OC(O)C(C)C(O)C2O)CCO1,C=CC1[C@@H](OC(C)=O)OC=C2C(=O)O[C@@H](OC(CO)[C@@H](O)C(O)[C@@H](OC)OC=CC(=O)OO[C@@H]3OC(CO)[C@@H](C)C(O)C3O)[C@H](C(C)=O)[C@@H](C)[C@@H]21,C=C[C@@H]1[C@@H]2OC(=O)C3=CO[C@@H](O[C@H](C[C@H](C)[C@H]4C5OC=C(O)[C@@H]4[C@H](C)[C@@H](O[C@H](CO)[C@@H](O)[C@H](O)CO)O5)[C@H](O)[C@@H](O)[C@H](O)[C@@H](CO)O2)[C@H]31,COC(=O)[C@@H]1C[C@H](O)[C@H](O)[C@H]1O,
CC1=C(C(=O)OC(C1)C(C)(C2CCC3C2(CCC4C3CC=C5C4(C(CC(C5)OC6C(C(C(C(O6)COC7C(C(C(C(O7)CO)O)O)O)O)O)O)O)C)C)O)C,MassSpecGymID0193644,CC1=C(CO)C(=O)O[C@@H]([C@@H](C)[C@H]2CC[C@@H]3[C@@H]4CC=C5C[C@H](O[C@@H]6O[C@H](CO[C@@H]7O[C@H](CO)[C@@H](O)[C@H](O)[C@H]7O)[C@@H](O)[C@H](O)[C@@H]6O)C[C@@H](O)[C@]5(C)[C@H]4CC[C@@]23C)C1,CC1=C(CO)C(=O)O[C@@H]([C@@H](C)[C@H]2CC[C@H]3[C@H]4CC(O)=C5C[C@@H](O[C@H]6O[C@H](CO[C@@H]7O[C@H](CO)[C@H](O)[C@H](O)[C@H]7O)[C@@H](O)[C@H](O)[C@H]6O)CC[C@]5(C)[C@H]4CC[C@]23C)C1,CC1=C(CO)C(=O)O[C@@H]([C@@H](C)[C@H]2CC[C@H]3[C@@H]4CC=C5C[C@@H](O[C@@H]6O[C@H](CO[C@H]7O[C@H](CO)[C@@H](O)[C@H](O)[C@H]7O)[C@@H](O)[C@H](O)[C@H]6O)CC[C@H](O)[C@]5(C)[C@H]4CC[C@]23C)C1,CC1=C(CO)C(=O)O[C@@H]([C@@H](C)[C@H]2CC[C@H]3[C@@H]4CC=C5C[C@@H](O[C@@H]6O[C@H](CO[C@H]7O[C@H](CO)[C@@H](O)[C@H](O)[C@H]7O)[C@@H](O)[C@H](O)[C@H]6O)C[C@@H](O)[C@H](O)[C@]5(C)[C@H]4CC[C@]23C)C1,CC1=C(CO)C(=O)O[C@@H]([C@@H](C)[C@H]2CC[C@H]3[C@@H]4CC=C5C[C@@H](CO[C@@H]6OC(CO[C@@H]7OC(CO)[C@@H](O)C(O)C7O)[C@@H](O)C(O)C6O)CC(O)[C@]5(C)[C@H]4CC[C@]23C)C1,CC1=C(CO)C(=O)O[C@@H]([C@@H](C)[C@@H]2CC[C@H]3[C@H]4CC=C5C[C@@H](O[C@H]6O[C@H](CO[C@@H]7O[C@@H](CO)[C@@H](O)[C@H](O)[C@@H]7O)[C@@H](O)[C@H](O)[C@H]6O)C[C@H](O)[C@]5(C)[C@H]4C[C@@H](O)[C@]23C)C1,CC1=C(C)C(=O)O[C@@H]([C@@H](C)[C@H]2CC[C@H]3[C@H]4CC(CO)=C5C[C@@H](O[C@H]6O[C@H](CO[C@@H]7O[C@@H](CO)[C@@H](O)[C@H](O)[C@@H]7O)[C@H](O)[C@@H](O)[C@H]6O)C[C@H](O)[C@]5(C)[C@H]4CC[C@]23C)C1,CC1=C(CO)C(=O)O[C@H]([C@@H](C)[C@H]2CC[C@H]3C[C@@H]4CC=C5C[C@@H](O[C@@H]6O[C@H](CO[C@@H]7O[C@@H](CO)[C@@H](O)[C@H](O)[C@H]7O)[C@H](O)[C@H](O)[C@H]6O)CC[C@]5(C)[C@H]4C[C@H](O)C[C@@]32C)C1,CC1=C(CO)C(=O)OC(C(C)C2CCC3C4CC=C5CC(OC6O[C@H](COC7O[C@H](CO)[C@@H](O)[C@@H](O)[C@H]7O)[C@@H](O)[C@H](O)[C@@H]6O)C(O)C5(C)C4(C)C(O)C23C)C1,[3H]C([3H])[C@@H]1CC(=O)OC([C@@H](C)[C@H]2CC[C@H]3[C@@H]4CC=C5C[C@@H](C)C[C@H](O)[C@]5(C)[C@H]4CC[C@]23CO[C@@H]2O[C@@H](CO)[C@@H](O)[C@@H](O)[C@H]2O[C@@H]2O[C@H](CO)[C@@H](O)[C@H](O)[C@H]2O)C1,CC1=C(CO)C(=O)O[C@@H]1[C@@H](C)[C@H]1CC[C@H]2[C@@H]3CC=C4[C@H](C)[C@@]4(C)[C@@H](O)C[C@H](C)[C@H]3[C@@H](O[C@@H]3O[C@H](CO[C@H]4O[C@H](CO)[C@@H](O)[C@H](O)[C@@H]4O)[C@@H](O)[C@H](O)[C@H]3O)C[C@]12C,CC1=C(O)[C@H]([C@@H](C)[C@H]2CC[C@H]3[C@H]4CC=C5C[C@@H](O[C@@H]6O[C@H](CO[C@@H]7O[C@H](CO)[C@@H](O)[C@H](O)[C@H]7O)[C@@H](O)[C@H](O)[C@H]6O)CC[C@]5(C)[C@H]4CC[C@H](C)[C@H]23)OC1=O,C[C@@H]([C@H]1CC[C@H]2[C@@H]3CC=C4C[C@@H](O[C@@H]5O[C@H](CO)[C@H](O)[C@H](O)[C@H]5CO[C@@H]5O[C@H](CO)[C@@H](O)[C@H](O)[C@H]5O)CC[C@]4(C)[C@H]3C(=O)O[C@]12C)[C@H]1CC=C(O)C1=O,C=C[CH][C@H]1OC[C@H]2[C@@H]3CC=C4C[C@@H]([C@@H]5C[O+](OC)C(=O)O5)C[C@H](O[C@@H]5O[C@H](CO[C@H]6O[C@H](CO)[C@@H](O)[C@H](O)[C@H]6O)[C@@H](O)[C@H](O)[C@H]5O)[C@]4(C)[C@H]3CC[C@]12C,[2H]C([C@H]1CC([C@@H](C)[C@H]2CC[C@H]3[C@@H]4CCC=C5C[C@@H](OC6([2H])O[C@H](CO[C@@H]7O[C@H](CO)[C@@H](O)[C@H](O)[C@H]7O)[C@@H](O)[C@H]6O)C[C@@H](O)[C@]5([2H])[C@H]4CC[C@]3(C)[C@@H]2O)OC1=O)C([2H])([2H])[2H],[3H]C1=C(CO)C([3H])O[C@@H]([C@@H](C)[C@H]2CC[C@H]3[C@@H]2C2=C=C4C[C@@H](O[C@@H]5O[C@H](CO[C@@H]6O[C@H](CO)[C@@H](O)[C@H](O)[C@H]6O)[C@H](O)[C@H](O)[C@@H]5O)CC[C@@]4(C)[C@H](O)C[C@H](O)[C@]23C)C1,CC1=C(CO)C(=O)O[C@@H]1[C@@H](C)[C@H]1CC[C@@]2(C)[C@@H]3CC[C@H](C4CC4CCC(=O)O)[C@@]3(C)CC[C@@H]12,CC1=C(CO)C(=O)O[C@H]([C@@H]2[C@H](C)[C@@H]2CC[C@@H]2CC=C3C[C@@H]4C[C@@H](O)[C@]3(C)CCC[C@]2(C)[C@@H](O[C@@H]2CO[C@H](O[C@H](CO)[C@@H](O)[C@H](O)CO)[C@H](O)[C@H](O)[C@H]2O)O4)C1,CC1=C(CO)C(COC2CCC3(C)C(=CCC4C5CCCC5(C)CCC43)C2)OO1,OC[C@H]1O[C@@H](OC[C@@H]2O[C@H](O)[C@@H](O)[C@@H](O)[C@@H]2O)[C@H](O)[C@@H](O)[C@@H]1O,OC[C@@H]1O[C@@H](O)[C@H](O[C@@H]2O[C@H](CO)[C@@H](O)[C@H](O)[C@H]2O)[C@@H](O)[C@@H]1O,CO[C@@H]1O[C@H](CO)[C@H](O)[C@@H](O)[C@@H]1O,CC[C@H]1CC[C@H]2[C@@H]3C[C@@H](O)CC[C@H](C)[C@H]3CC[C@]12C,,,,,,,,
COC1=C(C=C(C=C1)C2=NCCN2)C3=CN(N=N3)C4=CC=CC(=C4)C5=NCCN5,MassSpecGymID0179811,Cn1cnc(-c2ccc3cc(-c4cn(CCN5CCC(=O)C5)nn4)cnc3c2)c1,Cc1c(-c2cc(-c3cn(C)nn3)cc3c2CCC3=O)c(-c2cn(C)nn2)cn1C,CN1CCC1C1=NC(c2ccc(-c3cc(-c4cnn(C)c4)n(C)n3)cc2)=NC1=O,Cn1cc(-c2ccc(-c3cc4c(c(-c5cn(C)c(=O)[nH]5)cn4C)n3C)cc2)nn1,Cn1cc(-c2cc3cc(c2)NCCN(c2ccccc2)C3)nn1,Cn1cc(-c2ccccn2)nn1,Cn1cc(-c2ccc(-c3nccn3C)cc2)nn1,Cn1cc(-c2ccccc2)nn1,Cn1cc(-c2ccc(-c3cn(C)nn3)cc2)cn1,Cn1cc(-c2ccc(-c3cc(C4(C)CCN4)c([O])cc3-c3cn(C)nn3)cc2)nn1,Cn1cc(-c2ccc(-c3ccc(-c4cn(C)nn4)cc3)nc2)cn1,Cn1cc(-c2ccn(C)c(=O)c2)nn1,Cc1cc(-c2cnn(C)c2C)c(C)c(-n2cc(-c3cnn(C)c3C)cnc2=O)n1,Cc1cn2nc(-c3cn(C)[nH]c3=O)nc2cn1,Cn1cc(C2=CC3=CC(c4cn(C)nn4)=CC3=CC2=O)cn1,Cc1nc(-c2ccc3[nH]cc(O)c3c2)cn1C,Cc1nn(C)cc1-c1ccc2nc(-c3cn(C)c[o+]3)cc(-c3cn(C)nn3)c2c1,Cc1cccc(-c2ccccn2)n1,Cn1ccc(-c2ccc(-c3cn(C)nn3)cc2)c1,O=C1CCNCC1,Cn1ccnn1,C[N+]1(C)CCN1,,,,,,,,,
C1=CC=C(C(=C1)CC(=O)NC2=CC=C(C=C2)C3=C(C=C(C=C3)C(C(F)(F)F)(C(F)(F)F)O)F)[N+](=O)[O-],MassSpecGymID0236112,O=[O+][N-]c1ccc(NC(=O)Cc2ccc(-c3ccc(C(O)(C(F)(F)F)C(F)(F)F)cc3F)cc2)cc1,O=C(Nc1ccc(C(=O)O)cc1)Nc1ccc(-c2ccc(C(O)(C(F)(F)F)C(F)(F)F)cc2F)cc1,O=C(O)Nc1ccc(NC(=O)c2ccc(-c3ccc(C(O)(C(F)(F)F)C(F)(F)F)cc3F)cc2)cc1,O=C(O)Nc1ccc(C(=O)Nc2ccc(-c3ccc(C(O)(C(F)(F)F)C(F)(F)F)cc3F)cc2)cc1,O=C(Cc1cc([O-])cc([O-])c1)Nc1ccc(Nc2ccc(C(O)(C(F)(F)F)C(F)(F)F)cc2F)cc1,O=C(O)Nc1ccc(NC(=O)Cc2ccc(-c3ccc(C(O)(C(F)(F)F)C(F)(F)F)cc3F)cc2)cc1,O=C(O)Nc1ccc(CC(=O)Nc2ccc(-c3ccc(C(O)(C(F)(F)F)C(F)(F)F)cc3F)cc2)cc1,Nc1ccc(NC(=O)Cc2ccc(-c3ccc(C(O)(C(F)(F)F)C(F)(F)F)cc3F)cc2)cc1,O=C(Cc1ccc(-c2ccc(C(O)(C(F)(F)F)C(F)(F)F)cc2F)cc1)Nc1ccc(C(=O)NO)cc1,O=[13CH]CC(=O)Nc1ccc(-c2ccc(C(O)(C(F)(F)F)C(F)(F)F)cc2F)cc1,O=C(O)CNc1ccc(C(=O)Nc2ccc(-c3ccc(C(O)(C(F)(F)F)C(F)(F)F)cc3F)cc2)cc1,[O]C(=[F+])C(O)(F)c1ccc(CC(=O)Nc2ccc(-c3ccc(C(O)(F)C(F)(F)F)cc3F)cc2)cc1,[O]C(Cc1ccc(C(=O)Nc2ccc(-c3ccc(C(O)(C(F)(F)F)C(F)(F)F)cc3F)cc2)cc1)[NH+]=O,O=C(Cc1ccc(-c2ccc(F)cc2F)cc1)Nc1ccc(C(=O)NOO)cc1,O=C(CO)Nc1ccc(-c2ccccc2F)cc1,O=CNc1ccc(-c2ccc(C(F)(C(F)(F)F)C(F)(F)F)cc2F)cc1,O=C(Nc1ccc(C(=O)C(O)(C(F)(F)F)C(F)(F)F)cc1)c1ccc(-c2cc[nH]c2F)cc1,O=C1C=CC(CC(=O)C(=O)Cc2ccc(-c3ccc(NC(O)(C(F)(F)F)C(F)(F)F)cc3)c(F)c2)=C1,NC(=O)CNc1ccc(C(O)(C(F)(F)F)C(F)(F)F)cc1,O=C(O)Nc1ccc(NC(=O)Cc2ccc(-c3ccccc3)cc2)cc1,O=C(O)Cc1ccc(NC(=O)Nc2ccc(-c3cccc(C(F)(C(F)(F)F)C(F)(F)F)c3)cc2)cc1,O=CNc1ccc(NC(=O)c2ccc(-c3ccc(O)cc3C(F)(C(F)(F)F)C(F)(F)F)cc2)cc1,O=C(Cc1ccccc1)Nc1ccccc1,O=C(Cc1ccccc1)c1ccc(C(F)(C(F)(F)F)C(F)(F)F)cc1F,O=C(Cc1ccccc1)Nc1ccc2c(=O)c2c1,O=C(NO)Nc1ccc(CC(=O)c2ccccc2)cc1,CC(=O)Nc1ccc(NC(=O)C(=O)CO)cc1,O=C(O)Nc1ccc(C(=O)NC(=O)c2ccccc2)cc1,O=C(NNO)c1cccc(C(=O)c2ccccc2)c1,O=CNC(F)(C(F)(F)F)C(F)(F)F,OC(C(F)(F)F)C(F)(F)F
CC(=O)NC1CCC2=CC(=C(C(=C2C3=CC=C(C(=O)C=C13)NC(CCSC)C(=O)N4CCN(CC4)CC5=CC6=C(C=C5)OCO6)OC)OC)OC,MassSpecGymID0380611,CNCC(Nc1ccc2c(cc1=O)NN(SCC(=O)C(C)C)CCC2=O)C1CCc2cc(OC)c(OC)c(OC)c2C(=O)c2cc(OC)ccc21,COc1cc(C2CCCNC(=O)c3c(cc(NCCCC(=O)Nc4sc5ccccc5c4NC(C)=O)c(OC)c3OC)CC2)cc(OC)c1OC,COc1cc2c3c(OC)c1OC(CCc1ccc(NCCC(CNC(=O)CNSC(C)=O)OC)c(=O)cc1-3)CC2,COc1cc2c(cc1NCCC(=O)N[C@H]1CCc3cc(OC)c(OC)c(OC)c31)C(N1CCc3cc(OC)c(OC)cc3C(N)S1)C(=O)CC2,COc1cc2c(cc1CNCCC=O)CC(N(Nc1ccc3c(cc1=O)Sc1c(OC)c(OC)c(OC)c-3c1OC)C(=O)C(C)C)CC2,COc1cc2c(c(OC)c1OC)[C@@H](NC(=O)CCN)CC2,CCC(=O)N[C@@H]1CCc2cc(OC)c(OC)c(OC)c21,COc1ccc2c(c1OC)[C@H](NC(C)=O)CC2,COc1cc2c(cc1OC)C(NC(=O)C(=O)Nc1c(N)c(OC)cc(OC)c1OC)CC2,COc1cc2c(c(OC)c1OC)[C@@H](SC(=O)[C@H](C)C(=O)NCC(CN)OC)CC2,CNc1cc(OC)c(N2CCc3ccccc3C2)c(C(=O)SCCNC(C)=O)c1OC,COc1ccc2c(c1OC)CCN1C(NC(=O)CCCN)c3cc(OC)c(OC)c(OC)c3C21,CO[C](C)N1CCN(OC(=O)Oc2cc3c(cc2NC(=O)C(C)C)CCN2CCc4c(cc(OC)cc4-c4cc(OC)c(OC)c2c4)S3)CC1,COc1cc2c(cc1OC)C(NC(CN)CC[NH+]=C(C)N(C)C)CC2,COc1cc(NCCC[NH3+])c(-c2ccc(OC)c(OC)c2OC)c(SN)c1,CC[C@@H]1CCc2c(OC)c1c(NCC[C@H](N)C[NH])ccc2=O,COc1cc2c(OC)c(c1)-c1c(ccc(OC)c1OC)CN1CCN1CC2,COCCCN(C[C@@H](C)c1c(OC)c(OC)cc2c1-c1ccccc1C2=O)SCONNC(=O)C=[N-],COc1c2ccc(c1OC)C(=[O+]SCCC(=O)C(C)C)[C@H](N)CC[C@@H](OC)C2,CCCC(SC)c1cc(-c2c3cc(OC)c-3cc2=O)cc(OC)c1OC,C=[O+]Nc1cc(C)c(OC)c(OC)c(N)cc(C(=O)C(C)C)c(OC)c1,CCc1cc(OC)c(OC)c(OC)c1,C=C(C)N1CC(=C2C(=O)C(NC(=O)CCCN)=CC=C2NC)C1,CC(C)C(=O)NCCC(N)=O,CC(C)C(=O)NCC(=O)O,CC(=O)NC(CS)CCC(N)=O,CCNC(C)=O,CC(N)C(=O)SCON,C=C(C)NSNC(C)C,NCCCC(N)=O,CC(N)C(C)CN
CCC(CC)C1=NN=C(S1)NC(=O)CS(=O)(=O)CC2=CC=CC=C2,MassSpecGymID0211487,CCC(CC)c1nnc(NC(=O)CS(=O)(=O)Cc2ccccc2)s1,CCC(C)c1nnc(NC(=O)CS(=O)(=O)CCc2ccccc2)s1,CCc1nnc(NC(=O)CS(=O)(=O)CCCCc2ccccc2)s1,CCC(CC(=O)Nc1nnc(C(C)O)s1)[S+]([O-])Cc1ccccc1,CCC(CC)[C]([O])Cc1nnc(NS(=O)(=O)Cc2ccccc2)s1,CCC(CC)c1nnc(NC(=O)CS(=O)(=O)CCc2ccccc2)s1,CCC(CC)c1nnc(NC(=O)CS(=O)(=O)[CH-]Cc2ccccc2)s1,CCC(C)c1nnc(NC(=O)CS(=O)(=O)CC)s1,CCC(CCc1ccccc1)c1nnc(NC(=O)CC=S(=O)=O)s1,CC[C-](C(=O)CS(=O)(=O)Cc1ccccc1)c1nnc(C(C)C)s1,CCCCc1nnc(NC(=O)CS(=O)(=O)[CH-]c2ccccc2)s1,CCCc1nnc(NC(=O)SS(=O)(=O)Cc2ccccc2)s1,CC[C@H](Nc1nnc(C(C)C)s1)C(=O)[O+]CS(=O)(=O)c1ccccc1,[2H]C([2H])(C)Nc1nnc(C(=O)CS(=O)(=O)CCC(CC)c2ccccc2)s1,CC(C)C(=O)Cc1nnc(NC(=O)C[S+]([O-])Cc2ccccc2)s1,NC(=O)CS(=O)(=O)Cc1ccccc1,CC(C)c1nnc(S(C)(C)CC(=O)[O+][CH-]c2ccccc2)s1,NC(=O)CS(=O)(=O)CCc1ccccc1,[2H]CCN(C(=O)CS(=O)(=O)CCc1ccccc1)c1nncs1,Cc1ccc(NC(=O)C(C)OS(=O)CCc2ccccc2)nc1,CCCS(=O)(=O)c1nnc(Nc2cc3cc(=O)c-3c2C(C)C)s1,CCC(=O)N1C=NN=C(C(CC)C[S+]([O-])C(=O)Cc2ccccc2)S1,O=C(Cc1ccccc1)[N-]c1nncs1,CCC(C)c1nnc(N)s1,CC(C)c1nnc(N)s1,CC(C)c1nncs1,[3H]CC(C[S+]([O-])N=c1[nH]c(S([3H])(O)C(C)C)ns1)C(=O)c1ccccc1,CCCC(C)=O,c1ccccc1,,
C1CC2CCC1[C@@H]([C@H]2NC3=NC(=NC=C3F)C4=CNC5=C4C=C(C=N5)F)C(=O)O,MassSpecGymID0225773,O=C(CO)C1C2CCC(C2)[C@@H]1Nc1nc(-c2c[nH]c3ncc(F)cc23)ncc1F,O=COC[C@H]1[C@H]2CC[C@@H](C2)[C@@H]1Nc1nc(-c2c[nH]c3ncc(F)cc23)ncc1F,O=C(CO)C1C2CCC(CC2)C1Nc1nc(-c2c[nH]c3ncc(F)cc23)ncc1F,O=C(NO)C1C2CCC(CC2)C1Nc1nc(-c2c[nH]c3ncc(F)cc23)ncc1F,O=C(O)C1C2CCC(C2)C1Nc1nc(-c2c[nH]c3ncc(F)cc23)ncc1F,O=C(O)CC1C2CCC(CC2)C1Nc1nc(-c2c[nH]c3ncc(F)cc23)ncc1F,[3H]C(O)CC(=O)C1C2CCC(C2)C1Nc1nc(-c2c[nH]c3ncc(F)cc23)ncc1F,O=CC1C2CCC(C2)C1Nc1nc(-c2c[nH]c3ncc(F)cc23)ncc1F,O=C(O)Nc1nc(-c2c[nH]c3ncc(F)cc23)ncc1F,Fc1cnc2[nH]cc(-c3ncc(F)c(N[C@@H]4C[C@@H]5CC[C@H]4C5)n3)c2c1,O=C(O)CNC1CCC2CCC1C2c1nc(-c2c[nH]c3ncc(F)cc23)ncc1F,O=C(O)CC1C2CCC(C2)C1CNc1nc(-c2c[nH]c3ncccc23)ncc1F,Nc1nc(-c2c[nH]c3ncc(F)cc23)ncc1F,Fc1cnc(-c2c[nH]c3ncc(F)cc23)nc1,Nc1nc(C(=O)CO)nc(-c2c[nH]c3ncc(F)cc23)c1F,O=CONc1cc(F)c(N[C@@H]2C3CCC(CC3)[C@@H]2c2c[nH]c3ncc(F)cc23)[nH]1,Fc1ncc(NC2C3C4CCC(C4)C23)nc1-c1c[nH]c2c(F)cccc12,O=C(NO)c1ccc(F)nc1NC1C2CCC1CC2,Fc1cnc2[nH]ccc2c1,Oc1cc(-c2ccc(F)cnc(OC3C4C=CN43)[nH]c2)ncc1CNC1CC1,O=C(NO)NCC1(C2CC2)CC1,,,,,,,,,,
CC1=NC(=CC(=N1)NC2=CC=CC=N2)NCCNC(=O)C3=CC=C(C=C3)Cl,MassSpecGymID0212445,Cc1cc(C)nc(N2CCn3nc(NC(=O)c4ccc(Cl)cc4)cc3C2)n1,CC1=NC(Nc2ccc(Cl)cc2)=CC(NN)=NN1C(=O)c1ccc(C)cc1,Cc1nnc(N2CCN(c3ccc(NC(=O)c4ccc(Cl)cc4)cc3)CC2)[nH]1,Cc1nnc(C)n1Nc1ccccc1NCCNC(=O)c1ccc(Cl)cc1,Cc1nnc2ccc(N3CCN([CH]CC(=O)c4ccc(Cl)cc4)CC3)nn12,CCCNC1=C(Nc2ccnc(NNC(=O)c3ccc(Cl)cc3)c2)C(C)=N1,Cc1ccc2nnc(N3CCN(NNC(=O)c4ccc(Cl)cc4)CC3)cc2c1,CN1CCN1CC(=O)c1ccc(-c2cc(Nc3ccc(Cl)cc3)nnn2)cc1,CNc1cccc(-n2cc(N3CCN(C(=O)c4ccc(Cl)cc4)CC3)nn2)c1,Cc1nnc2ccc(NCCc3ccc(Cl)cc3)nn12,NCCNc1ccc(C(=O)NNNc2ccc(Cl)cc2)cc1,Clc1ccc(Nc2ccc3c4n(c-3nn2)CC4)cc1,O=C(NNc1cccc(Nc2cc[n+]3c(n2)CCCC3)n1)c1ccc(Cl)cc1,[CH-]=C1N=NC(NC(=O)c2ccc(Cl)cc2)=CC1=N[CH]n1c(C)cc(C)c1C,CCNc1ccc(C(C)=O)cc1,CCc1cccc(Nc2ncnc(C)n2)c1,Nc1ccc(CC(=O)c2ccc(Cl)cc2)cc1,O=CNc1ccc(Cl)cc1,Clc1ccc(CONCCCC2=CC=C(N3CC3)C=CN=N2)cc1,O=CNNc1ccc(Cl)cc1,NC1=CC=CN([NH2+]C(=O)c2ccc(Cl)cc2)C=C1,Cc1nnc2ccc(N)nn12,Nc1ccc(C(=O)N[NH3+])cc1,[2H]C1=C([2H])C([2H])(c2ccc(Cl)cc2)N1CCc1cc(N)ccn1,Clc1ccccc1,CC(=O)c1ccc(N)cc1,[14CH3]CCNc1ccc(N)cc1,NC(=O)c1ccc(N)cc1,,,
CC1=C2COC(=O)C2=C(C3=C1OC4(CC(C56C(OC(O5)(CC(C6(C4C3)C)O)OC)(C)C)O)C)OC,MassSpecGymID0190113,COC(=O)C[C@@]1(C)CC[C@]2(C)[C@@H]1Cc1c(O)c(C)c(C)c(OC(C)=O)c1O[C@]1(COC1=O)[C@@H]2OC,COC(=O)CCC1(C)CCC23C(=O)COC2c2c(C)c(OC)c(C)c(O)c2C(=O)CC(O)C3C1O,COC(=O)CC[C@]1(C)CCc2c(C)c(C)c(OC)c(O)c21,COC(=O)CC1(C)CC(=O)OC2(C)CCC(=O)c3c(O)c4c(c(C)c32)OCC(OC)(OC)C1C4,COC(=O)CCC1=COC2(C)CCC(CCc3c(O)c(C)c(C)c(OC)c3CC1=O)O2,COC(=O)CC[C@]1(C)CCC2=C(OC)C(=C(O)OC2)CO1,CCC1(C)CCC(=O)c2c(O)c(OC)c(C)c(C)c2O1,COC(=O)CCC1(C)CCC(=O)C(=O)C(O)C1,COc1c(C(=O)O)c(C)c(C)c2c1[C@@]1(C)CC[C@@]3(C)C[C@H](OO)[C@@H](O)[C@H](OC(C)=O)[C@@H]3[C@H]1CO2,COC(=O)CC[C@@]1(C)C(=O)O[C@H](C)[C@@H]1OC(C)=O,COC(=O)CCC1(C)OC(OC)=CC1C,COC(=O)CC[C@]1(CC(=O)OC)CCC(C)(C)OC1=O,COC(=O)CC[C@]1(CC(=O)OC)C2C(=O)CC[C@]21C,COc1c(C)c(O)c2c(c1C)OC2=O,COC(=O)CC[C@@]1(C)CC[C@]2(C)C(CO)=CC(=O)[C@@H](O)C[C@H]12,COC(=O)CCC1(C)CCC2(C)C(=O)C(C)C12C(C)=O,CC[C]1COC2=C(COC(=O)[C@]1(C)CCC(=O)OC)C(C)=C(OCOC(C)=O)C=C(C)C(O)=C2C,COC(=O)CC[C@]1(C)CO[C@]2(C)[C@@H](OC)[C@@H]12,COC1(C)CCc2c(c(O)[c-](C)c2C)O1,CCc1c(C)c(O)c(C)c(O)c1OC(C)=O,COC(=O)C[C@@]1(C)[C@H](C)O[C@@](C)(C(=O)OC)C[C@@H]1O,COC1=C(C)C(CC(C)CCC(C)=CO)C(OC=O)=C(C)C2=C1C(=O)OC2,Cc1c(O)c(C)c2c(c1O)OC(=O)CC2,CCC(=O)OC,CC1C(=O)C2=C(O)[C@@H](C)CC[C@]1(C)C2,CC(O)=CC1OO1,CCC(O)=C(C)C,,,,
CC1=C(C2=C(C=C1)C(=O)C3=C(N2)CCN(C3)CC(=O)NC4=CC(=C(C=C4)F)C)C,MassSpecGymID0215197,Cc1ccc(NC(=O)CN2CCc3[nH]c4c(C)c(C)ccc4c(=O)c3C2)cc1F,Cc1ccc(NC(=O)CN2Cc3[nH]c4c(C)c(C)c(C)c(=O)c(C)c4c32)cc1F,CC1=CCCN(C(=O)n2ccc3c(F)cc(C)cc32)CN(CC=O)C2=CC(C)=C12,Cc1ccc(NC(=O)CN2CCc3[nH]c4c(C)cccc4c(=O)c3C2)cc1F,CC1=c2[nH]c3c(c2=C(C)C(=O)C1=O)CCN(CC(=O)Nc1ccc(C)c(F)c1)C3,Cc1ccc2c(c1C)Cc1cc(NC(=O)CN3C=CNCC3)c(F)cc1C2=O,CC(=O)Nc1ccc(C)c(F)c1,CC(=O)Nc1ccc(C)c(C)c1,[3H]c1cc(F)cc(C)c1NC(C)=O,CCN(CC(N)=O)Cc1ccc2c(C)c(C)ccc2c1,Cc1ccc2c(=O)[nH][nH]c2c1C[O],Cc1ccc(-c2c3c4cc(C)c(C)ccc-4c(=O)c2CCNC3)[nH]1,,,,,,,,,,,,,,,,,,,
CC(CCCCC(C(CO)C(=O)OC(CCCCC(C)C/C(=C/C(=C/C(=O)O)/C)/C)C(CO)C(=O)O)O)C/C(=C/C(=C/C(=O)O)/C)/C,MassSpecGymID0160948,CC(C)C(O)=CC(=O)[C@]1(C)C2=CC[C@H]3[C@@]4(C)C[C@@H](O)[C@H](O)[C@@](C)(CO)[C@@H]4CC[C@]3(C)[C@]2(C)C[C@@H](O)[C@H]1O[C@@H]1O[C@@H](CO)[C@@H](O)[C@@H](O)[C@H]1O,CC(=CC(=O)O)CCC1(C)CCC2(C)C(=CCC3C4(C)C(O)C(O)C(OC5OC(CO)C(O)C(O)C5O)C(C)(CO)C4CCC32C)C1O,CC(C)C(O)=COC(=O)[C@]1(C)C2=CCC3[C@@]4(C)CC[C@@H](O)CC(OC5O[C@H](CO)[C@H](O)[C@H](O)[C@H]5O)[C@@](C)(CO)C4CC[C@@]3(C)[C@]2(C)CCC1O,[CH][C@@]12C[C@H](C)[C@@H](O[C@@H]3O[C@H](CO)[C@@H](O)[C@H](O)[C@H]3O)C[C@H](C)C1=CC[C@@H]1[C@@]3(C)CC[C@@H](O)[C@@](C)(CO)[C@@H]3CC[C@]12C,CC1(CO)CC(O)CC2(C)C1=CCC1C3(C)CCC(O)C(OC4OC(CO)C(O)C(O)C4O)C(C)(C)C3CCC12C,CO[C@@H]1C2=CC[C@H]3[C@H](CC[C@]4(C)[C@]3(C)CC[C@H](O)[C@H](O[C@@H]3O[C@H](CO)[C@@H](O)[C@H](O)[C@H]3O)[C@@]4(C)CO)[C@]2(C)C[C@H]1O,CC1(CO)CCCC2(C)C(=CCC3C(OC4OC(CO)C(O)C(O)C4O)C(O)CCC32C)C2CC2(C)CC1O,CC1(C)[C@@]2(C)C[C@@H]3CC(=O)O[C@H](O)[C@H]3[C@@H]2CC=C2[C@@]1(C)CC[C@@]1(C)[C@@H](O[C@@H]3O[C@@H](CO)[C@@H](O)[C@H](O)[C@H]3O)[C@@H](O)CC[C@]21C,C[C@@H](CC(=O)O)[C@H]1[C@@H](O)[C@H](O)C[C@]2(C)C3=CC[C@H]4[C@](C)(CC[C@H](O[C@@H]5O[C@H](CO)[C@@H](O)[C@H](O)[C@H]5O)C(C)(C)[C@@H](O)CC[C@@]34C)C[C@H]12,CC(C)C(C)C(=O)C1(C)CCC2(C)C(=C3C4(C)CC(O)C(OC5OC(CO)C(O)C(O)C5O)C(CO)C4(C)CC(O)C32C)C1=O,CC[C@H]1[C@H](O)C[C@]2(C)C[C@H]1[C@]1(C)CC[C@H]3[C@@](C)(CO)[C@@H](O[C@@H]4O[C@H](CO)[C@@H](O)[C@@H](O)[C@H]4O)[C@@H](O)C[C@]3(C)C1=C[C@H]2O,CC(C)C=C[C@@H](C)[C@H]1C(=O)O[C@@H](O)[C@@H]2[C@@]1(C)CC=C[C@]2(C)[C@@]1(C)CC[C@H](O)[C@](C)(CO)[C@]1(C)CO[C@H]1O[C@H](CO)[C@@H](O)[C@H](O)[C@H]1O,CC(C)C=CC(=O)[C@@]1(CO)[C@H](O)C[C@]2(C)C(=CC[C@H]3[C@]4(C)[C@H](O)CC[C@@](C)(CO)[C@@H]4[C@@H](O)C[C@]32C)[C@H]1O[C@H]1OC[C@@H](O)[C@H](O)[C@H]1O,CC(C)C=C1C(=O)C(C)(O)C[C@]2(C)C3=C[C@@H]4[C]C(C)C[C@H](O)[C@H](O[C@@H]5O[C@H](CO)[C@H](O)[C@H](O)[C@H]5O)[C@@]4(C)[C@]3(C)CC[C@H](O)[C@H]2[C@@]1(C)CO,C[C@@]12CC[C@@]3(C)C4[C@H](O)C(C(=O)OC[C@@H]4O)C4CC[C@]3(C)[C@@H]4CC[C@@]1(C)[C@H](O)C[C@@]2(C)O[C@@H]1O[C@H](CO)[C@@H](O)[C@H](O)[C@H]1O,CC(O)C=CC[C@]1(C)[C@@H](O)[C@H](O)C[C@]2(C)C3=CC[C@@H]4[C@@]5(C)CC[C@@H](O)[C@@](C)([C@@H]5[C@@H](O)C[C@@]34C)[C@H]12,C[C@]1(CCO)CC[C@@H]2[C@]3(C)C[C@H](O)[C@H](O[C@@H]1O[C@H](CO)[C@@H](O)[C@H](O)CO)[C@@]2(C)[C@]1(C)CC[C@@H](O)C[C@@H]1C1=CC[C@@H]13,CC(C(=O)O)C(=O)[C@]1(C)CCC[C@@]2(C)[C@H]1[CH]C=C1[C@](C)(CCC3C(C)(C)[C@@H](O)CC[C@]13C)[C@]1(O)C(O[C@H](CO)[C@@H](O)[C@H](O)CO)O[C@@H]21,OCC1OC(CO)C(O)C(O)C1O,OCC1OC(O)C(O)C(O)C1O,OCC1O[C@@H](O)[C@H](O)C(CO)[C@@H]1O,Cc1cc(CCC(=O)O)c(C)o1,O=CC(O)C(=O)O,O[C@@H]1[C@@H](O)[C@@H](O)OC[C@H]1O,,,,,,,
CC1=NN(C=C1CN2CCN3C(=NN=C3C4=CC=C(C=C4)OC)C2)C,MassSpecGymID0208288,COc1cccc2c1N1C[C@H](CCN1Cc1cnn(C)c1)CN2C#N,COc1ccc(-c2noc(C3CCN3Cc3cnn(C)c3)n2)cc1,COc1cccc(-c2noc(C3CCN(Cc4cnn(C)c4)C3)n2)c1,COc1ccc(-c2noc([C@@H]3C[C@@H](C#[NH+])CN3Cc3cnn(C)c3)n2)cc1,COc1ccc(-c2noc(C3C[NH2+]N3Cc3cnn(C)c3)n2)cc1,COc1cccc(-c2noc(C3CN(C)N3Cc3cnn(C)c3)n2)c1,COc1cccc(-c2noc(C3CC[N]CN3Cc3cnn(C)c3)n2)c1,COc1cccc(-c2noc([C@H]3CC[NH2+]N3Cc3cnn(C)c3)n2)c1,C[NH2+]c1cccc(-c2noc(C3CCN(Cc4cnn(C)c4)C3)n2)c1,COc1cccc(C2=NON=C3CCN(Cc4cnn(C)c4)CC3C2)c1,COc1cccc(-c2noc([C@@H]3CCN(N)C3)n2)c1,COc1cccc(-c2n[nH]c(C3CC(N)N(Cc4cnn(C)c4)C3)n2)c1,COc1cccc(-c2noc([C]3CCN(C)C3)n2)c1,C[NH2+]c1ccc(-c2noc(C3CCN(C)c4ccnn4C3)n2)cc1,COc1cccc(C2=NN(C3CCN3C#[N+]c3cnn(C)c3)CC2)c1,COc1ccc(-c2n[nH]c([C@@H]3CCN4CCN(C#N)CC34)n2)cc1,COc1ccc(-c2ncon2)cc1,COc1cccc(-c2ncon2)c1,Cc1cnn(C)c1,CN1CCC2c3cccc(n3)CC21,c1ccc(-c2ncon2)cc1,COC#Cn1cccn1,Cn1cccn1,[NH]C1CCCCN1C#CCNN,CO,,,,,,
CCC1(CCC(=O)NC1=O)C2=CC=C(C=C2)NC(=O)CCCC3=CNC4=CC=CC=C43,MassSpecGymID0218829,CC1(C)CN(Cc2ccc3ccn(C(=O)Cc4c[nH]c5ccccc45)c3c2)CCOO1,CC1CCCN(Cc2ccc3c(c2)CN(Cc2c[nH]c4ccccc24)C3)C(=O)C(=O)O1,NC1(Cc2ccc3c(c2)OC2(CCCN(Cc4c[nH]c5ccccc45)C2=O)O3)CCC1,O=C1CCC2(CCN(Cc3c[nH]c4ccccc34)CC2)N1Cc1cc2cc(c1)OCO2,NC1(Cc2ccc3c(c2)C(=O)N(Cc2c[nH]c4ccccc24)C32CCCC2)OCCO1,N=c1ccc(CN2CC3(CCOCC3)OC2=O)cn1CCc1ccc2ccccc2c1,CC1(C)CCCC(=O)N(Cc2ccc3c(c2)CN(Cc2c[nH]c4ccccc24)C(=O)O3)C1,CC1(C)CCC(=O)N1Cc1ccc2c(c1)OC1(CCN(Cc3c[nH]c4ccccc34)C1)O2,O=C1COC2(CCCN(Cc3c[nH]c4ccccc34)C2)CN1Cc1ccc2c(c1)O2,O=C1O[C@]2(CCO2)CN1Cc1ccc2c(c1)CCCN2Cc1c[nH]c2ccccc12,CN1C(=O)CC2(CCCN(Cc3c[nH]c4ccccc34)C2)OC1=O,CCC1(C)CC(=O)N(Cc2ccc3oc(=O)n(Cc4c[nH]c5ccccc45)c3c2)C1,CC1(c2ccc3c(c2)CC2(NC3)OCCO2)CCCN(Cc2c[nH]c3ccccc23)C1=O,O=C1N(Cc2c[nH]c3ccccc23)C(=O)C12CCC[NH+](Cc1ccc3c(c1)CCO3)C2,O=C1C(Cc2c[nH]c3ccccc23)N(Cc2c[nH]c3ccccc23)CCC12OCCCO2,O=C1CN(Cc2ccc3c(c2)OC2(CCC2)O3)C2CC1N2Cc1c[nH]c2ccccc12,[O]/N=C1/N(Cc2c[nH]c3ccccc23)CCC12CCCC2,Cc1ccc2c(c1)CN(Cc1c[nH]c3ccccc13)C(=O)O2,[O]C1(c2c[nH]c3ccccc23)CN(CCc2c[nH]c3ccccc23)CCC2(CCNC2)O1,CCc1c[nH]c2ccccc12,Cc1c[nH]c2ccccc12,O=C1CCC23CCN(Cc4ccc5c(c4)N5OOc4cccccc(c[nH]4)CN1C2)C3,Cc1ccc2c(c1)OCCOC1C(=O)N1Cc1cccccc-2[nH]c1,c1ccc2c(c1)CC1(CN3CCCN1C3)O2,Cc1ccc2c(c1)OCCO2,,,,,,
C=CC1C2CC3C4=C(CC(N3C(=O)C2=COC1OC5C(C(C(C(O5)CO)O)O)O)C(=O)O)C6=CC=CC=C6N4,MassSpecGymID0190471,COC(=O)C1=CO[C@@H](O[C@@H]2O[C@H](CO)[C@@H](O)[C@H](O)[C@H]2O)[C@H](C=C(C)C=O)[C@@H]1N1CCc2c([nH]c3ccccc23)C1=O,C=CC1C(N2CCc3c([nH]c4ccccc34)C2=O)OC=C(C(=O)OC)N1OC1OC(CO)C(O)C(O)C1O,C=C[C@@H]1C([C@@H]2c3[nH]c4ccccc4c3C[N+]2(C)O)=c2c(=O)c2=CO[C@H]1OO[C@H]1O[C@H](CO)[C@@H](O)[C@H](O)[C@H]1O,CCC(C)CC=CC(=O)C1=CO[C@@H]([C@@H]2O[C@H](CO)[C@@H](O)[C@H](O)[C@H]2O)[C@H]1C(=O)N1CCc2c([nH]c3ccccc23)C1OC,C=C[C@@H]1[C@H](O[C@@H]2O[C@H](CO)[C@@H](O)[C@@H](O)[C@H]2O)OC=C(C=O)[C@@H]1C=C,C=C[C@@H]1NCCc2c([nH]c3ccccc23)C1(OC)[C@@H]1OC=C(C(=O)OC)C(O[C@@H]2OC[C@H](O)[C@H](O)[C@H]2O)=C1C,C=CC1C(OC2OC=C3C(=O)c4[nH]c5c(OC)cc(OC)cc5c4CCN32)OC=C(C(=O)OC)N1OC,C=CC1C(=O)C(CO)=CO[C@H]1O[C@@H]1OC(CC)[C@H](O)C(O)[C@@H]1O,C=C[C@@H]1C2=Cc3[nH]c(c4c3NC=CC4=C2)C(C=O)=CO[C@H]1O[C@@H]1O[C@@H](CO)[C@@H](O)[C@H](O)[C@@H]1O,C=CC1c2coc(OC3OC(CO)C(O)C(O)C3O)c2C(=O)N2C3=CC3=C(OC)C=CC(OC)=CCCN12,[2H]C([2H])=C1[C@H]2[C@H]3OC=C4C(=O)N(CCc5cc(OC)ccc(OC)c6[nH]c5-6)[C@H](O)[C@@H](O)[C@H](O)[C@@H](CO)O[C@@H](O[C@H]13)[C@@H]42,C=CC1NCCc2c1[nH]c1ccccc21,C=C[C@@H]1O[C@H](CO)[C@@H](O)[C@@H](O)[C@H]1O,C=CC1=COC(C(=O)OC)C12OC(OC)C(O)C(O)C2O,C=C[C@@H]1CN(C(=O)O)CC(C(=O)OC)=C(O)[C@@H]1O,C=C[C@@H]1[C@H](O)[C@H](O)[C@H](C=C)O[C@H](CO)[C@@H]1C=O,COc1ccc2c3c1CN(C)[C@@H](c1cc(O)[nH]c1O)C3=C2,O=C[C@H]1[C@@H](O)[C@H](O)O[C@H](CO)[C@H]1O,OC[C@H]1O[C@@H](O)[C@@H](O)[C@@H](O)[C@@H]1O,C=CC1C2OC=C(C(=O)O)C12O,OC[C@@H]1O[C@@H](O)[C@H](O)[C@H]1O,O=CC1=CO[C@@H]2[C@@H](O)[C@H](O)[C@H](O)[C@@H]2OC1,OCO[C@@H](CO)[C@@H](O)[C@H](O)CO,CO,,,,,,,
