cluster,murcko_scaffold,spectra,unique_targets,exact_top10,chem_class,example_smiles
0,c1ccc(Oc2cnc3ccccc3n2)cc1,53,2,0.33962264150943394,aromatic_rich_polycycle,CC(C(=O)OCCON=C(C)C)OC1=CC=C(C=C1)OC2=CN=C3C=C(C=CC3=N2)Cl
0,O=C(Nc1cccc(Nc2nccc(-c3cccnc3)n2)c1)c1ccc(CN2CCNCC2)cc1,52,2,0.17307692307692307,aromatic_rich_polycycle,CC1=C(C=C(C=C1)NC(=O)C2=CC=C(C=C2)CN3CCN(CC3)C)NC4=NC=CC(=N4)C5=CN=CC=C5
0,c1cnc2ccnn2c1,49,1,0.04081632653061224,small_heteroaromatic,CCOC(=O)C1=CN2C(=CC(=N2)OP(=S)(OCC)OCC)N=C1C
0,O=C(Nc1ncccn1)NS(=O)(=O)c1ccccc1,29,1,0.41379310344827586,other_midsize,COC1=CC(=NC(=N1)NC(=O)NS(=O)(=O)C2=C(C=CC(=C2)CNS(=O)(=O)C)C(=O)OC)OC
0,O=C(Nc1ncccn1)NS(=O)(=O)c1ccccn1,29,1,0.034482758620689655,small_heteroaromatic,CCS(=O)(=O)C1=C(N=CC=C1)S(=O)(=O)NC(=O)NC2=NC(=CC(=N2)OC)OC
0,O=[PH](OCC1CCC(n2cnc3cncnc32)O1)O[PH](=O)OC[C@@H]1CC[C@H]([n+]2ccccc2)O1,24,1,0.75,glycoside_or_sugar_rich,C1=CC(=C[N+](=C1)[C@H]2[C@@H]([C@@H]([C@H](O2)COP(=O)([O-])OP(=O)(O)OCC3C(C(C(O3)N4C=NC5=C(N=CN=C54)N)O)O)O)O)C(=O)N
0,O=c1[nH]cccc1Cc1ccc(-c2ccccc2)o1,22,1,0.0,aromatic_rich_polycycle,CC1=CC(=C(C(=O)N1)C(CC(=O)OC)C2=CC=C(O2)C3=CC=C(C=C3)C(=O)O)O
0,O=C(NCc1ccccc1)c1cccnc1Oc1ccc2c(c1)OCO2,18,1,0.3888888888888889,aromatic_rich_polycycle,CC(C(=O)O)OC1=CC(=C(C=C1)CNC(=O)C2=C(N=CC=C2)OC3=CC4=C(C=C3)OCO4)F
1,O=C1C=CC2C(=O)C3=Cc4ccccc4CC3CC2C1,303,4,0.0858085808580858,polycyclic_aliphatic_like,CN(C)C1C2CC3C(C4=C(C=CC(=C4C(=C3C(=O)C2(C(=C(C1=O)C(=O)N)O)O)O)O)Cl)O
1,O=C1CCCCOC(=O)C[C@@H](O[C@H]2CCCCO2)C[C@@H](O[C@H]2CCCCO2)CCC1,230,5,0.25217391304347825,glycoside_or_sugar_rich,CC[C@@H]1[C@@]([C@@H]([C@H](C(=O)[C@@H](C[C@@]([C@@H]([C@H]([C@@H]([C@H](C(=O)O1)C)O[C@H]2C[C@@]([C@H]([C@@H](O2)C)O)(C)OC)C)O[C@H]3[C@@H]([C@H](C[C@H](O3)C)N(C)C)O)(C)O)C)C)O)(C)O
1,O=C(O[C@@H]1Cc2ccccc2O[C@@H]1c1ccccc1)c1ccccc1,148,2,0.5067567567567568,aromatic_rich_polycycle,C1[C@H]([C@H](OC2=CC(=CC(=C21)O)O)C3=CC(=C(C(=C3)O)O)O)OC(=O)C4=CC(=C(C(=C4)O)O)O
1,N=C1CCCCOC(=O)C[C@@H](O[C@H]2CCCCO2)C[C@@H](O[C@H]2CCCCO2)CCC1,142,2,0.007042253521126761,glycoside_or_sugar_rich,CC[C@@H]1[C@@]([C@@H]([C@H](C(=NOCOCCOC)[C@@H](C[C@@]([C@@H]([C@H]([C@@H]([C@H](C(=O)O1)C)O[C@H]2C[C@@]([C@H]([C@@H](O2)C)O)(C)OC)C)O[C@H]3[C@@H]([C@H](C[C@H](O3)C)N(C)C)O)(C)O)C)C)O)(C)O
1,O=C1OC2CC(CC=CC(OC3CCC(OC4CCCCO4)CO3)CC=CC=C3COC4CC=CC1C34)OC1(C=CCCO1)C2,62,1,0.11290322580645161,other_macrocycle,CCC(C)C1C(C=CC2(O1)CC3CC(O2)CC=C(C(C(C=CC=C4COC5C4(C(C=C(C5O)C)C(=O)O3)O)C)OC6CC(C(C(O6)C)OC7CC(C(C(O7)C)NC(=O)C)OC)OC)C)C
1,O=C1CC(OC2CCCCO2)CC(OC2CCCCO2)CCCCNCCCCO1,59,1,0.0,glycoside_or_sugar_rich,CCC1C(C(C(N(CC(CC(C(C(C(C(C(=O)O1)C)OC2CC(C(C(O2)C)O)(C)OC)C)OC3C(C(CC(O3)C)N(C)C)O)(C)O)C)C)C)O)(C)O
1,O=C(OC1Cc2ccccc2OC1c1ccccc1)c1ccccc1,56,1,0.0,aromatic_rich_polycycle,CC(=O)OC1=CC2=C(CC(C(O2)C3=CC(=C(C(=C3)OC(=O)C)OC(=O)C)OC(=O)C)OC(=O)C4=CC(=C(C(=C4)OC(=O)C)OC(=O)C)OC(=O)C)C(=C1)OC(=O)C
1,O=C1CCCCOC(=O)CC(OC2CCCCO2)CC(OC2CCCCO2)CCC1,54,2,0.07407407407407407,glycoside_or_sugar_rich,CCC1C(C(C(C(=O)C(CC(C(C(C(C(C(=O)O1)C)OC2CC(C(C(O2)C)O)(C)OC)C)OC3C(C(CC(O3)C)NC)O)(C)OC)C)C)O)(C)O
2,c1ccc(C(c2ccccc2)n2cncn2)cc1,21,1,0.5714285714285714,aromatic_rich_polycycle,C1=CC(=CC=C1C#N)C(C2=CC=C(C=C2)C#N)N3C=NC=N3
2,C(=Nc1ccccc1)c1cccc2ccc(-c3ccc4cccc(C=Nc5ccccc5)c4c3)cc12,19,1,0.0,aromatic_rich_polycycle,CC1=CC2=C(C(=C(C(=C2C(C)C)O)O)C=NC3=C(C(=CC=C3)Cl)C)C(=C1C4=C(C5=C(C=C4C)C(=C(C(=C5C=NC6=C(C(=CC=C6)Cl)C)O)O)C(C)C)O)O
2,O=c1[nH]c(-c2cccc(S(=O)(=O)N3CCNCC3)c2)nc2cn[nH]c12,19,2,0.6842105263157895,other_midsize,CCCC1=NN(C2=C1N=C(NC2=O)C3=C(C=CC(=C3)S(=O)(=O)N4CCN(CC4)C)OCC)C
2,O=c1[nH]c(=O)c2nc(CNc3ccc(S(=O)(=O)Nc4ccon4)cc3)cnc2[nH]1,18,1,0.0,aromatic_rich_polycycle,CC1=CC(=NO1)NS(=O)(=O)C2=CC=C(C=C2)NCC3=CN=C4C(=N3)C(=O)NC(=O)N4
2,O=c1[nH]cnc2ncc(CNc3ccc(S(=O)(=O)Nc4ccon4)cc3)nc12,18,1,0.1111111111111111,aromatic_rich_polycycle,CC1=CC(=NO1)NS(=O)(=O)C2=CC=C(C=C2)NCC3=CN=C4C(=N3)C(=O)NC(=N4)N
2,O=c1[nH]ncn1-c1ccc(N2CCN(c3ccc(OCC4COC(Cn5cncn5)(c5ccccc5)O4)cc3)CC2)cc1,17,1,0.0,other_midsize,CCC(C)N1C(=O)N(C=N1)C2=CC=C(C=C2)N3CCN(CC3)C4=CC=C(C=C4)OCC5COC(O5)(CN6C=NC=N6)C7=C(C=C(C=C7)Cl)Cl
2,c1ccc(-c2cccnc2-c2cccnc2)cc1,16,1,0.0,aromatic_rich_polycycle,CC1=NC=C(C=C1)C2=C(C=C(C=N2)Cl)C3=CC=C(C=C3)S(=O)(=O)C
2,c1ccc(-c2nn[nH]n2)c(-c2ccc(Cn3cnc4cccnc43)cc2)c1,15,1,0.8666666666666667,aromatic_rich_polycycle,CCCCC1=NC2=C(N1CC3=CC=C(C=C3)C4=CC=CC=C4C5=NNN=N5)N=CC=C2
3,,180,30,0.2222222222222222,lipid_like_flexible,C(CCl)OP(=O)(OCCCl)OCC(COP(=O)(OCCCl)OCCCl)(CCl)CCl
3,O=C1C=CC(=O)C=C1,79,1,0.0,other_midsize,CC1=C(C(=O)C(=C(C1=O)OC)OC)C/C=C(\C)/CC/C=C(\C)/CC/C=C(\C)/CC/C=C(\C)/CC/C=C(\C)/CC/C=C(\C)/CC/C=C(\C)/CC/C=C(\C)/CC/C=C(\C)/CCC=C(C)C
3,O=C1C2C=CCC3CC=CC13CCC1CC12,65,1,0.0,glycoside_or_sugar_rich,CCCCCCCCCCCC(=O)OC12CC(C34C=C(C(C3(C(C(=CC(C1C2(C)C)C4=O)CO)O)O)O)C)C
3,C1CCC2C(C1)CCC1C3CCCC3CCC21,60,1,0.03333333333333333,glycoside_or_sugar_rich,CC(CCC(=O)NCCC[N+](C)(C)CC(CS(=O)(=O)[O-])O)C1CCC2C1(C(CC3C2C(CC4C3(CCC(C4)O)C)O)O)C
3,O=C1C=C2C=CNC=C2C(=O)C1,47,11,0.0,other_midsize,CC[C@H](C)/C=C(\C)/C=C/C1=CC2=C(C(=O)[C@](C(=O)C2=CN1CCO)(C)OC(=O)C)Cl
3,O=C1C=CCC(C2CCOCC2)C1,43,1,0.0,other_midsize,CCC(=NOC/C=C/Cl)C1=C(CC(CC1=O)C2CCOCC2)O
3,c1ccccc1,39,7,0.1282051282051282,other_midsize,CCN(CC)C(=O)C(=CC1=CC(=C(C(=C1)O)O)[N+](=O)[O-])C#N
3,O=C1C=Cc2ccc(-c3ccc4c(c3)C(=CNc3ccccc3)C(=O)C=C4)cc2C1=CNc1ccccc1,34,1,0.0,other_midsize,CC1=CC2=C(C(=CNC3=CC(=C(C(=C3)C(C)(C)C)O)C(C)(C)C)C(=O)C(=C2C(C)C)O)C(=C1C4=C(C5=C(C=C4C)C(=C(C(=O)C5=CNC6=CC(=C(C(=C6)C(C)(C)C)O)C(C)(C)C)O)C(C)C)O)O
4,O=C1CCCC(=O)C1C(=O)c1ccccc1,106,3,0.8773584905660378,small_heteroaromatic,CS(=O)(=O)C1=CC(=C(C=C1)C(=O)C2C(=O)CCCC2=O)[N+](=O)[O-]
4,O=C(CCCc1ccccc1)N1CCn2cnnc2C1,97,3,0.5567010309278351,small_heteroaromatic,C1CN2C(=NN=C2C(F)(F)F)CN1C(=O)C[C@@H](CC3=CC(=C(C=C3F)F)F)N
4,c1ccc(OCc2nnc(SC3CCCCO3)n2C2CCCC2)cc1,48,1,0.0,polycyclic_aliphatic_like,CC1=CC=C(C=C1)OCC2=NN=C(N2C3CCCC3)SC4C(C(C(C(O4)COC(=O)C)OC(=O)C)OC(=O)C)NC(=O)C
4,O=C(CCCN1CCC(OC(c2ccccc2)c2ccccc2)CC1)c1ccccc1,39,2,0.8461538461538461,other_midsize,CC(C)(C)C1=CC=C(C=C1)C(=O)CCCN2CCC(CC2)OC(C3=CC=CC=C3)C4=CC=CC=C4
4,c1ccc(CCCCN2CCC(C(c3ccccc3)c3ccccc3)CC2)cc1,39,2,0.2564102564102564,other_midsize,CC(C)(C)C1=CC=C(C=C1)C(CCCN2CCC(CC2)C(C3=CC=CC=C3)(C4=CC=CC=C4)O)O
4,O=C1Cn2c(nc3ccccc32)CN1CC1CCCN2CCCCC12,37,1,0.02702702702702703,polycyclic_aliphatic_like,CCC(=O)NC1=CC2=C(C=C1)N3CC(=O)N(CC3=N2)CC4CCCN5C4CCCC5
4,C1CCNC1,35,1,0.0,large_peptide_like,CC(C)CC(C(=O)N1CCCC1C(=O)NC(CS)C(=O)NC(CC(=O)N)C(=O)OC(=O)OC(C)(C)C)NC(=O)CN
4,O=C(NCC1CCCN2CCCCC12)c1cnc(-c2ccccc2)s1,27,1,0.2222222222222222,polycyclic_aliphatic_like,CC1=C(SC(=N1)C2=CC=CC=C2)C(=O)NCC3CCCN4C3CCCC4
5,C1CC[C@H](O[C@@H]2CCCO[C@H]2O[C@H]2CCC3C4CC[C@@H]5CCCC5C4CC[C@H]3C2)OC1,383,1,0.0,glycoside_or_sugar_rich,CC(=CCCC(C)([C@H]1CC[C@@]2([C@@H]1[C@@H](CC3[C@]2(CC[C@@H]4[C@@]3(CC[C@@H](C4(C)C)O[C@H]5[C@@H]([C@H]([C@@H]([C@H](O5)CO)O)O)O[C@H]6[C@@H]([C@H]([C@@H]([C@H](O6)CO)O)O)O)C)C)O)C)O)C
5,C1CCC(OC2CCCOC2OC2CC3C4CCCC4CCC3C3CCCCC23)OC1,339,4,0.0,glycoside_or_sugar_rich,CCC(=CCCC(C)(C1CCC2(C1C(CC3C2CC(C4C3(CCC(C4(C)C)O)C)OC5C(C(C(C(O5)CO)O)O)OC6C(C(C(C(O6)C)O)O)O)O)C)O)C
5,C1CC[C@H](OC[C@H]2CCC3C4C[C@H](O[C@H]5CCCCO5)C5CCCCC5C4CC[C@@H]32)OC1,109,1,0.03669724770642202,glycoside_or_sugar_rich,CC(=CCC[C@@](C)([C@H]1CC[C@@]2([C@@H]1[C@@H](CC3[C@]2(C[C@@H](C4[C@@]3(CC[C@@H](C4(C)C)O)C)O[C@H]5[C@@H]([C@H]([C@@H]([C@H](O5)CO)O)O)O)C)O)C)O[C@H]6[C@@H]([C@H]([C@@H]([C@H](O6)CO)O)O)O)C
5,O=C(C=Cc1ccccc1)OC1CCCOC1c1cccc2c(=O)ccoc12,105,2,0.02857142857142857,other_midsize,CC1=CC(=C(C2=C1C(=O)C=C(O2)CC(C)O)C3C(C(C(C(O3)CO)O)O)OC(=O)C=CC4=CC=C(C=C4)O)OC
5,C1CC[C@H](OC[C@H]2CCC3C4CC[C@H]5C[C@@H](O[C@H]6CCCCO6)CCC5[C@H]4CC[C@@H]32)OC1,96,1,0.5104166666666666,glycoside_or_sugar_rich,CC(=CCC[C@@](C)([C@H]1CC[C@@]2([C@@H]1[C@@H](C[C@H]3[C@]2(CC[C@@H]4[C@@]3(CC[C@@H](C4(C)C)O[C@H]5[C@@H]([C@H]([C@@H]([C@H](O5)CO)O)O)O)C)C)O)C)O[C@H]6[C@@H]([C@H]([C@@H]([C@H](O6)CO)O)O)O)C
5,O=C1c2ccccc2C(C2c3ccccc3C(=O)c3c(OC4CCCCO4)cccc32)c2cccc(OC3CCCCO3)c21,81,2,0.0,other_midsize,C1=CC2=C(C(=C1)OC3C(C(C(C(O3)CO)O)O)O)C(=O)C4=C(C2C5C6=C(C(=CC=C6)OC7C(C(C(C(O7)CO)O)O)O)C(=O)C8=C5C=C(C=C8O)C(=O)O)C=C(C=C4O)C(=O)O
5,C1CCC(OC2CCCOC2OC2CCC3C(CCC4C5CCCC5CCC34)C2)OC1,60,1,0.0,glycoside_or_sugar_rich,CC(=CCCC(=C)C1CCC2(C1C(CC3C2(CCC4C3(CCC(C4(C)C)OC5C(C(C(C(O5)CO)O)O)OC6C(C(C(C(O6)CO)O)O)O)C)C)O)C)C
5,C1CC[C@@H](OC[C@H]2CCC[C@@H](OC[C@H]3CCC4C5CC[C@H]6CCCCC6[C@@H]5CC[C@@H]43)O2)OC1,46,1,0.0,glycoside_or_sugar_rich,CC(=CCC[C@](C)([C@H]1CC[C@]2([C@@H]1[C@H](C[C@@H]3[C@@]2(C[C@H]([C@@H]4[C@]3(CC[C@H](C4(C)C)O)C)O)C)O)C)O[C@@H]5[C@H]([C@@H]([C@H]([C@@H](O5)CO[C@@H]6[C@@H]([C@H]([C@H](CO6)O)O)O)O)O)O)C
6,O=C(C=Cc1ccccc1)OC1C(COC2CCCCO2)OC(OCCc2ccccc2)CC1OC1CCCCO1,110,5,0.0,glycoside_or_sugar_rich,CC1C(C(C(C(O1)OC2C(C(OC(C2OC(=O)C=CC3=CC(=C(C=C3)O)OC)COC4C(C(C(CO4)O)O)O)OCCC5=CC(=C(C=C5)OC)O)O)O)O)O
6,O=C(C=Cc1ccccc1)OC1COC(OCCc2ccccc2)CC1OC1CCCCO1,43,2,0.0,glycoside_or_sugar_rich,CC1C(C(C(C(O1)OC2C(C(OC(C2OC(=O)C)OCCC3=CC(=C(C=C3)O)O)CO)OC(=O)C=CC4=CC(=C(C=C4)O)O)O)O)O
6,O=C(/C=C/c1ccccc1)OC[C@@H]1C[C@H](OC2CCCCO2)C[C@H](OCCc2ccccc2)O1,24,1,0.0,glycoside_or_sugar_rich,C[C@H]1[C@@H]([C@H]([C@H](C(O1)O[C@H]2[C@@H]([C@H](O[C@H]([C@@H]2O)OCCC3=CC(=C(C=C3)O)O)COC(=O)/C=C/C4=CC(=C(C=C4)O)O)O)O)O)O
6,O=C(/C=C/c1ccccc1)O[C@@H]1CO[C@@H](OCCc2ccccc2)C[C@H]1O[C@H]1CCCCO1,21,1,0.047619047619047616,glycoside_or_sugar_rich,C[C@H]1[C@@H]([C@H]([C@H]([C@@H](O1)O[C@@H]2[C@H]([C@@H](O[C@@H]([C@H]2OC(=O)/C=C/C3=CC(=C(C=C3)O)O)CO)OCCC4=CC(=C(C=C4)O)O)O)O)O)O
6,O=C(/C=C/c1ccccc1)O[C@@H]1[C@@H](CO[C@H]2CCCCO2)O[C@@H](OCCc2ccccc2)C[C@H]1O[C@H]1CCCCO1,19,3,0.0,glycoside_or_sugar_rich,C[C@H]1[C@@H]([C@H]([C@H]([C@@H](O1)OC[C@@H]2[C@H]([C@@H]([C@H]([C@@H](O2)OCCC3=CC(=C(C=C3)O)O)O)O[C@H]4[C@@H]([C@@H]([C@H]([C@@H](O4)C)O)O)O)OC(=O)/C=C/C5=CC(=C(C=C5)O)O)O)O)O
6,O=C(/C=C/c1ccccc1)O[C@H]1C[C@@H](CO[C@H]2CCCCO2)O[C@@H](OCCc2ccccc2)C1,19,1,0.05263157894736842,glycoside_or_sugar_rich,C[C@H]1[C@@H]([C@H]([C@H]([C@@H](O1)OC[C@@H]2[C@H]([C@@H]([C@H]([C@@H](O2)OCCC3=CC(=C(C=C3)O)O)O)OC(=O)/C=C/C4=CC(=C(C=C4)O)O)O)O)O)O
6,O=C(/C=C/c1ccccc1)O[C@H]1CC[C@H](OCCc2ccccc2)O[C@@H]1CO[C@H]1CCCCO1,12,1,0.0,glycoside_or_sugar_rich,C[C@H]1[C@@H]([C@H]([C@H]([C@@H](O1)OC[C@@H]2[C@H]([C@@H]([C@H]([C@@H](O2)OCCC3=CC(=C(C=C3)O)O)O)O)OC(=O)/C=C/C4=CC(=C(C=C4)O)O)O)O)O
6,O=C(/C=C/c1ccccc1)O[C@H]1CCOC1O[C@@H]1C[C@@H](O[C@H]2CC[C@@H](O[C@H]3CCCCO3)CO2)[C@H](OC(=O)/C=C/c2ccccc2)CO1,7,1,0.0,glycoside_or_sugar_rich,C[C@H]1[C@@H]([C@H]([C@H]([C@@H](O1)O[C@H]2[C@@H](O[C@H]([C@@H]([C@@H]2O)O)O[C@@H]3[C@H]([C@H](O[C@@H]([C@H]3OC(=O)/C=C/C4=CC=C(C=C4)O)CO)O[C@]5([C@H]([C@@H]([C@H](O5)CO)O)OC(=O)/C=C/C6=CC=C(C=C6)O)CO)O)C)O)O)O
7,O=C1COC(=O)[C@H](Cc2ccccc2)NC(=O)COC(=O)[C@H](Cc2ccccc2)NC(=O)COC(=O)[C@H](Cc2ccccc2)N1,48,1,0.0,cyclic_depsipeptide_like,CC(C)[C@@H]1C(=O)N([C@H](C(=O)O[C@@H](C(=O)N([C@H](C(=O)O[C@@H](C(=O)N([C@H](C(=O)O1)CC2=CC=CC=C2)C)C(C)C)CC3=CC=CC=C3)C)C(C)C)CC4=CC=CC=C4)C
7,O=C(N[C@H](CCNS(=O)(=O)c1ccccc1)Cc1ccccc1)O[C@H]1CO[C@H]2OCC[C@H]21,36,1,0.0,polycyclic_aliphatic_like,CC(C)CN(C[C@H]([C@H](CC1=CC=CC=C1)NC(=O)O[C@H]2CO[C@@H]3[C@H]2CCO3)O)S(=O)(=O)C4=CC=C(C=C4)N
7,O=C(COc1ccc2c(=O)c(-c3ccc4c(c3)OCCO4)coc2c1)NCCc1ccccc1,35,1,0.0,other_midsize,CC(C)CC(C(=O)NC(CCCN=C(N)N)C(=O)O)NC(=O)C(CC1=CC=CC=C1)NC(=O)COC2=CC(=C3C(=C2)OC=C(C3=O)C4=CC5=C(C=C4)OCCO5)O
7,O=C1CNC(=O)COC(=O)C2CCCN2C(=O)CCNC(=O)C(Cc2ccccc2)NC(=O)CN1,23,2,0.0,cyclic_depsipeptide_like,CC1CCN2C1C(=O)OC(C(=O)N(C(C(=O)N(C(C(=O)NC(C(=O)NCCC2=O)CC3=CC=CC=C3)C(C)C)C)C(C)C)C)CC(C)C
7,C=C1NC(=O)CCCNC(=O)CC(/C=C/C=C/CCCc2ccccc2)NC(=O)C(Cc2ccccc2)NC(=O)CCNC(=O)CNC(=O)CNC1=O,19,1,0.0,cyclic_peptide_like,CC1C(NC(=O)C(NC(=O)C(C(NC(=O)C(NC(=O)C(NC(=O)C(=C)N(C(=O)CCC(NC1=O)C(=O)O)C)C)CC(C)C)C(=O)O)C)CC2=CC=CC=C2)/C=C/C(=C/C(C)C(CC3=CC=CC=C3)OC)/C
7,O=C1CNC(=O)C(NC(=O)NCCc2ccccc2)CCCCNC(=O)C(Cc2ccccc2)NC(=O)CNC(=O)C(CCc2ccccc2)N1,19,1,0.0,cyclic_peptide_like,CC1C(=O)NC(C(=O)NCCCCC(C(=O)NC(C(=O)NC(C(=O)N1C)CCC2=CC=C(C=C2)O)C(C)C)NC(=O)NC(CC3=CC=C(C=C3)O)C(=O)O)CC4=CC=CC=C4
7,O=C1CNC(=O)C(CCc2ccccc2)NC(=O)CNC(=O)C(NC(=O)NCCc2ccccc2)CCCCNC(=O)C(CCc2ccccc2)N1,18,1,0.0,cyclic_peptide_like,CCC(C)C1C(=O)NC(C(=O)N(CC(=O)NC(C(=O)NCCCCC(C(=O)N1)NC(=O)NC(CC2=CC=CC=C2)C(=O)O)CCC3=CC=C(C=C3)O)C)CCC4=CC=C(C=C4)O
7,O=C1CNC(=O)[C@H](NC(=O)NCCc2ccccc2)CCCCNC(=O)[C@H](Cc2ccccc2)NC(=O)CNC(=O)[C@H](CCc2ccccc2)N1,18,1,0.0,cyclic_peptide_like,CC[C@@H](C)[C@H]1C(=O)N[C@H](C(=O)N([C@H](C(=O)N[C@H](C(=O)NCCCC[C@H](C(=O)N1)NC(=O)N[C@@H](CC2=CC=C(C=C2)O)C(=O)O)CC3=CC=CC=C3)C)C)CCC4=CC=C(C=C4)O
8,c1ccc(CCCCNCCc2ccccc2)cc1,121,3,0.4049586776859504,other_midsize,CC(C)C(CCCN(C)CCC1=CC(=C(C=C1)OC)OC)(C#N)C2=CC(=C(C=C2)OC)OC
8,c1ccc(Oc2cc(Oc3ccccc3)ncn2)cc1,90,1,0.06666666666666667,aromatic_rich_polycycle,CO/C=C(\C1=CC=CC=C1OC2=NC=NC(=C2)OC3=CC=CC=C3C#N)/C(=O)OC
8,O=C1C2=C(CCC13Oc1ccccc1C3=O)Nc1[nH]c(=O)[nH]c(=O)c1C2c1ccccc1,55,2,0.0,other_midsize,CC1CC2=C(C(C3=C(N2)N(C(=O)N(C3=O)C)C)C4=CC(=C(C(=C4)OC)OC)OC)C(=O)C15C(=O)C6=C(O5)C(=C(C=C6OC)OC)Cl
8,O=C(NC1CCCCC1)NS(=O)(=O)c1ccc(CCNC(=O)c2ccccc2)cc1,48,1,0.125,other_midsize,COC1=C(C=C(C=C1)Cl)C(=O)NCCC2=CC=C(C=C2)S(=O)(=O)NC(=O)NC3CCCCC3
8,O=c1[nH][nH]c(Cc2ccccc2)c1Cc1cccnc1,43,1,0.0,aromatic_rich_polycycle,COC1=CC=C(C=C1)CC2=C(C(=O)NN2)C(CC(=O)OC)C3=CN=CC=C3
8,O=c1cc(Cc2ccnc3ccccc23)oc(CN2CCc3ccccc3C2c2ccccc2)c1,42,1,0.0,aromatic_rich_polycycle,COC1=CC(=CC(=C1OC)OC)C2C3=CC(=C(C=C3CCN2CC4=CC(=O)C(=C(O4)C(CC(=O)OC)C5=CC=NC6=CC=CC=C56)O)OC)OC
8,O=C1CC(N2CCc3c([nH]c4ccccc34)C2)C(=O)N1,36,1,0.027777777777777776,polycyclic_aliphatic_like,CN1C(=O)CC(C1=O)N2CCC3=C(C2)NC4=C3C=C(C=C4)OC
8,O=C1C[C@@H](c2ccc3c(c2)O[C@H](c2ccccc2)CO3)Oc2ccccc21,35,1,0.11428571428571428,aromatic_rich_polycycle,COC1=C(C=CC(=C1)[C@@H]2[C@H](OC3=C(O2)C=C(C=C3)[C@@H]4[C@H](C(=O)C5=C(C=C(C=C5O4)O)O)O)CO)O
9,O=C(CNc1ccc2c(cc1=O)CCCc1ccccc1-2)Nc1ccccc1,85,3,0.0,other_midsize,CCC(C)C(C(=O)NC1=CC=CC(=C1)NC(=O)C)NC2=CC=C3C(=CC2=O)C(CCC4=CC(=C(C(=C43)OC)OC)OC)NC(=O)C
9,O=C(CCCNc1ccc2c(cc1=O)CCCc1ccccc1-2)N1CCCCC1,49,1,0.0,polycyclic_aliphatic_like,CC(=O)NC1CCC2=CC(=C(C(=C2C3=CC=C(C(=O)C=C13)NCCCC(=O)N4CCC(CC4)NC(=O)OC(C)(C)C)OC)OC)OC
9,O=C(CNc1ccc2c(cc1=O)CCCc1ccccc1-2)N1CCN(C(=O)c2ccco2)CC1,46,1,0.0,other_midsize,CCC(C)C(C(=O)N1CCN(CC1)C(=O)C2=CC=CO2)NC3=CC=C4C(=CC3=O)C(CCC5=CC(=C(C(=C54)OC)OC)OC)NC(=O)C
9,O=C(CNc1ccc2c(cc1=O)CCCc1ccccc1-2)N1CCN(Cc2ccc3c(c2)OCO3)CC1,45,1,0.0,other_midsize,CC(=O)NC1CCC2=CC(=C(C(=C2C3=CC=C(C(=O)C=C13)NC(CCSC)C(=O)N4CCN(CC4)CC5=CC6=C(C=C5)OCO6)OC)OC)OC
9,O=C(CNc1ccc2c(cc1=O)CCCc1ccccc1-2)N1CCCC1c1ccccc1,44,1,0.0,other_midsize,CC(=O)NC1CCC2=CC(=C(C(=C2C3=CC=C(C(=O)C=C13)NC(CCSC)C(=O)N4CCCC4C5=C(C=C(C=C5)OC)OC)OC)OC)OC
9,O=C(CCCNc1ccc2c(cc1=O)CCCc1ccccc1-2)N1CCNCC1,43,1,0.0,polycyclic_aliphatic_like,CCOC(=O)N1CCN(CC1)C(=O)CCCNC2=CC=C3C(=CC2=O)C(CCC4=CC(=C(C(=C43)OC)OC)OC)NC(=O)C
9,O=C(CNc1ccc2c(cc1=O)CCCc1ccccc1-2)NCCc1c[nH]c2ccccc12,43,1,0.0,other_midsize,CC(C)C(C(=O)NC(CC1=CNC2=CC=CC=C21)C(=O)O)NC3=CC=C4C(=CC3=O)C(CCC5=CC(=C(C(=C54)OC)OC)OC)NC(=O)C
9,O=C(CNc1ccc2c(cc1=O)CCCc1ccccc1-2)N1CCN(Cc2ccccc2)CC1,42,1,0.0,other_midsize,CC(C)C(C(=O)N1CCN(CC1)CC2=C(C(=C(C=C2)OC)OC)OC)NC3=CC=C4C(=CC3=O)C(CCC5=CC(=C(C(=C54)OC)OC)OC)NC(=O)C
10,O=C(OC1C2CCC3C4CC5C6CCCC5(C(C2)C31)C4NC6)c1ccccc1,455,8,0.0,polycyclic_aliphatic_like,CCN1CC2(CCC(C34C2C(C(C31)C5(CC(C6(CC4C5C6OC(=O)C7=CC=C(C=C7)OC)O)OC)OC(=O)C)OC)OC)COC
10,O=C(O[C@H]1C2CCC3[C@H]4C[C@@H]5C6CCC[C@@]5(C4NC6)[C@H](C2)[C@@H]31)c1ccccc1,172,4,0.0,glycoside_or_sugar_rich,CCN1C[C@@]2([C@@H](C[C@@H]([C@@]34[C@@H]2[C@H]([C@@H](C31)[C@@]5([C@@H]6[C@H]4C[C@@]([C@@H]6OC(=O)C7=CC=CC=C7)([C@H]([C@@H]5O)OC)O)OC(=O)C)OC)OC)O)COC
10,O=C(O[C@]12CCC[C@]34C(NC1)[C@H](C[C@H]23)C1CC[C@@H]2CC1[C@H]4C2)c1ccccc1,95,1,0.0,polycyclic_aliphatic_like,CCN1C[C@@]2(CC[C@@H]([C@@]34[C@@H]2C[C@@H](C31)[C@]5(C[C@@H]([C@H]6C[C@@H]4[C@@]5([C@H]6OC)O)OC)O)OC)OC(=O)C7=CC=CC=C7NC(=O)C
10,O=C(OC1C2CCC3C4C[C@@H]5C6CCCC5([C@@H]4NC6)[C@H](C2)[C@@H]31)c1ccccc1,84,1,0.0,polycyclic_aliphatic_like,CCN1CC2([C@H]3C(C4[C@@H]1C3([C@@H]5C[C@@]6([C@H](C([C@]4([C@H]5C6OC(=O)C7=CC=CC=C7)OC(=O)C)O)OC)O)C(CC2OC(=O)C)OC)OC)COC
10,O=C(OCC12CCCC34C5CC6CCC(C5C6)C(CC13)C4NC2)c1ccccc1N1C(=O)CCC1=O,71,1,0.0,polycyclic_aliphatic_like,CCN1CC2(CCC(C34C2C(C(C31)(C5(CC(C6CC4C5C6OC)OC)O)O)OC)OC)COC(=O)C7=CC=CC=C7N8C(=O)CC(C8=O)C
10,O=C(c1ccccc1)C1C2CCC3C4CC5C6CCCC5(C(C2)C31)C4NC6,43,1,0.0,polycyclic_aliphatic_like,CCN1CC2(CCC(C34C2C(C(C31)C5(CC(C6(CC4C5C6C(=O)C7=CC=C(C=C7)OC)O)OC)OC(=O)C)OC)OC)COC
10,O=C(O[C@H]1C2CCC3C4C[C@@H]5C6CCCC5(C4NC6)[C@H](C2)[C@@H]31)c1ccccc1,35,1,0.0,glycoside_or_sugar_rich,CN1C[C@@]2(CCC(C34[C@@H]2C(C(C31)[C@@]5([C@@H]6[C@H]4C[C@@]([C@@H]6OC(=O)C7=CC=CC=C7)([C@H]([C@@H]5O)OC)O)O)OC)OC)COC
10,O=C(OC12CCCC34C5CC6CCC(C5C6)C(CC13)C4NC2)c1ccccc1,23,1,0.0,glycoside_or_sugar_rich,CCN1CC2(CCC(C34C2CC(C31)(C5(CC(C6CC4C5(C6OC)O)OC)O)O)OC)OC(=O)C7=CC=CC=C7NC(=O)C
11,O=C1N(Cc2ccc(-c3ccccc3-c3nn[nH]n3)cc2)C=NC12CCCC2,101,1,0.07920792079207921,other_midsize,CCCCC1=NC2(CCCC2)C(=O)N1CC3=CC=C(C=C3)C4=CC=CC=C4C5=NNN=N5
11,c1ccc(-c2nn[nH]n2)c(-c2ccc(Cn3cnc4ccccc43)cc2)c1,84,1,0.47619047619047616,aromatic_rich_polycycle,CCOC1=NC2=CC=CC(=C2N1CC3=CC=C(C=C3)C4=CC=CC=C4C5=NNN=N5)C(=O)O
11,c1ccccc1,60,5,0.016666666666666666,glycoside_or_sugar_rich,CC(C)OP(=S)(OC(C)C)SCCNS(=O)(=O)C1=CC=CC=C1
11,c1ccc(Oc2cc(Oc3ccccc3)ncn2)cc1,59,1,0.0,aromatic_rich_polycycle,CO/C=C(\C1=CC=CC=C1OC2=NC=NC(=C2)OC3=CC=CC=C3C#N)/C(=O)O
11,O=C(C=Cc1ccccc1)NCCCN(CCCCN(CCCNC(=O)C=Cc1ccccc1)C(=O)C=Cc1ccccc1)C(=O)C=Cc1ccccc1,43,1,0.0,large_peptide_like,C1=CC(=CC=C1C=CC(=O)NCCCN(CCCCN(CCCNC(=O)C=CC2=CC=C(C=C2)O)C(=O)C=CC3=CC=C(C=C3)O)C(=O)C=CC4=CC=C(C=C4)O)O
11,O=S(=O)(Nc1ccccn1)c1ccc(N=Nc2ccccc2)cc1,37,1,0.02702702702702703,aromatic_rich_polycycle,C1=CC=NC(=C1)NS(=O)(=O)C2=CC=C(C=C2)N=NC3=CC(=C(C=C3)O)C(=O)O
11,O=C1CC2CC(Oc3ccccc32)N1CCNc1ncnc2nc[nH]c12,36,1,0.0,other_midsize,CC12CC(C(C(=O)N1CCNC3=NC=NC4=C3NC=N4)C(=O)N)C5=CC=CC=C5O2
11,O=c1cc(-c2ccccc2)oc2cc(OC3CCCCO3)ccc12,35,1,0.0,glycoside_or_sugar_rich,CC(C)CC(C(=O)OC(C)(C)C)NC(=O)C(C(C)C)NC(=O)C1C(C(C(C(O1)OC2=C(C(=C3C(=C2)OC(=CC3=O)C4=CC=CC=C4)O)O)O)O)O
